,best_train_loss,best_train_loss_idx,best_test_loss,best_test_loss_idx,best_train_auc,best_train_auc_idx,best_test_auc,best_test_auc_idx,std,n_hidden,drop,batchnorm,batchsize,act,encoding,identifier,seed,elapsed_seconds
0,0.4283414416503906,500,0.6524952472867193,383,0.7492,500,0.6704,216,True,50,0.4,True,128,ReLU,BL50LO,normal_doublepass,0,63
0,0.4196132800579071,449,0.6593784013309995,3,0.7668,492,0.6739,132,True,50,0.4,True,128,ReLU,BL50LO,test_singlepass,0,61
0,0.42730640314102175,498,0.6409963851370967,85,0.753,435,0.667,177,True,50,0.4,True,128,ReLU,BL50LO,normal_doublepass,1,70
0,0.4217849804496765,491,0.6508626757115663,3,0.7635,491,0.6618,397,True,50,0.4,True,128,ReLU,BL50LO,test_singlepass,1,68
0,0.42401539979934694,426,0.6516144887193457,86,0.7555,492,0.6832,76,True,50,0.4,True,128,ReLU,BL50LO,normal_doublepass,2,71
0,0.417636010389328,449,0.6569323059800384,2,0.7696,449,0.6745,393,True,50,0.4,True,128,ReLU,BL50LO,test_singlepass,2,68
0,0.42670569038391115,498,0.6408267715753784,4,0.7551,463,0.6575,488,True,50,0.4,True,128,ReLU,BL50LO,normal_doublepass,3,63
0,0.4210915145015717,472,0.6422650976969255,4,0.7648,455,0.6527,358,True,50,0.4,True,128,ReLU,BL50LO,test_singlepass,3,60
0,0.42550163840293886,393,0.6243165512432052,422,0.7595,439,0.6704,446,True,50,0.4,True,128,ReLU,BL50LO,normal_doublepass,4,71
0,0.4213820107460022,466,0.6324265729409984,496,0.7682,466,0.6719,500,True,50,0.4,True,128,ReLU,BL50LO,test_singlepass,4,69
0,0.4276332098007202,498,0.6466440909415587,195,0.7511,498,0.6752,150,True,50,0.4,True,128,ReLU,BL50LO,normal_doublepass,5,62
0,0.4218449832248688,467,0.6503064468347237,284,0.7615,409,0.6954,105,True,50,0.4,True,128,ReLU,BL50LO,test_singlepass,5,60
0,0.4290145345020294,478,0.6520394942034846,202,0.7536,472,0.661,236,True,50,0.4,True,128,ReLU,BL50LO,normal_doublepass,6,63
0,0.42080813371658327,436,0.6554295722989069,2,0.7681,417,0.6542,141,True,50,0.4,True,128,ReLU,BL50LO,test_singlepass,6,60
0,0.4240601827049255,485,0.6683452764869983,1,0.7638,485,0.6675,417,True,50,0.4,True,128,ReLU,BL50LO,normal_doublepass,7,63
0,0.4208884646320343,450,0.668150282903,1,0.7653,490,0.6647,494,True,50,0.4,True,128,ReLU,BL50LO,test_singlepass,7,60
0,0.4275352874565124,466,0.6245162293717668,114,0.7536,466,0.686,86,True,50,0.4,True,128,ReLU,BL50LO,normal_doublepass,8,63
0,0.42014363226890566,464,0.6272499577419178,179,0.77,464,0.6908,479,True,50,0.4,True,128,ReLU,BL50LO,test_singlepass,8,60
0,0.42841402800559997,479,0.6581792593002319,2,0.7481,479,0.673,89,True,50,0.4,True,128,ReLU,BL50LO,normal_doublepass,9,62
0,0.42283374059677126,500,0.6576864036269809,2,0.7616,389,0.6464,313,True,50,0.4,True,128,ReLU,BL50LO,test_singlepass,9,61
0,0.4279588390350342,400,0.6424186418217759,85,0.7542,480,0.6639,52,True,50,0.4,True,128,ReLU,BL50LO,normal_doublepass,10,63
0,0.4206963985347748,487,0.6439821858510675,3,0.7681,487,0.6879,379,True,50,0.4,True,128,ReLU,BL50LO,test_singlepass,10,60
0,0.42697027585983277,462,0.6155465832747866,72,0.7566,406,0.7232,73,True,50,0.4,True,128,ReLU,BL50LO,normal_doublepass,11,70
0,0.4217862106513977,434,0.6277263111111083,437,0.7668,461,0.7203,60,True,50,0.4,True,128,ReLU,BL50LO,test_singlepass,11,67
0,0.4293282650470734,488,0.6257061978760551,90,0.7507,488,0.6794,61,True,50,0.4,True,128,ReLU,BL50LO,normal_doublepass,12,71
0,0.4227660656452179,495,0.6401116383832274,3,0.7616,481,0.6726,260,True,50,0.4,True,128,ReLU,BL50LO,test_singlepass,12,68
0,0.4282124091339111,428,0.6438366804324406,421,0.7511,499,0.6881,459,True,50,0.4,True,128,ReLU,BL50LO,normal_doublepass,13,71
0,0.4212374515342712,485,0.6439426583303532,424,0.7666,482,0.6919,340,True,50,0.4,True,128,ReLU,BL50LO,test_singlepass,13,69
0,0.4266427944087982,473,0.6639471848805746,2,0.7527,473,0.6507,325,True,50,0.4,True,128,ReLU,BL50LO,normal_doublepass,14,62
0,0.41907586369514466,421,0.6653334763314989,2,0.7652,490,0.6597,494,True,50,0.4,True,128,ReLU,BL50LO,test_singlepass,14,60
0,0.4216422568702698,495,0.665292624417726,2,0.7638,495,0.6522,108,True,50,0.4,True,128,ReLU,BL50LO,normal_doublepass,15,62
0,0.41716590934753417,498,0.6652660608291626,2,0.7719,498,0.6622,489,True,50,0.4,True,128,ReLU,BL50LO,test_singlepass,15,59
0,0.42618414833068846,479,0.6538340252007234,273,0.7495,439,0.7061,72,True,50,0.4,True,128,ReLU,BL50LO,normal_doublepass,16,63
0,0.4206747525691986,396,0.6621665979001302,2,0.7608,412,0.6888,370,True,50,0.4,True,128,ReLU,BL50LO,test_singlepass,16,60
0,0.43099497826576233,472,0.6571273804765887,2,0.7474,472,0.6677,268,True,50,0.4,True,128,ReLU,BL50LO,normal_doublepass,17,62
0,0.4216542254066467,473,0.6576502828471429,2,0.7658,451,0.6595,10,True,50,0.4,True,128,ReLU,BL50LO,test_singlepass,17,60
0,0.426982448387146,497,0.6539241339374051,3,0.7549,497,0.6649,423,True,50,0.4,True,128,ReLU,BL50LO,normal_doublepass,18,70
0,0.4222681628608704,455,0.6548677636622542,3,0.7634,455,0.6728,474,True,50,0.4,True,128,ReLU,BL50LO,test_singlepass,18,69
0,0.4304546083641052,455,0.6173058913933241,59,0.7531,455,0.6364,447,True,50,0.4,True,128,ReLU,BL50LO,normal_doublepass,19,69
0,0.42462145592689515,463,0.623308216191371,4,0.7666,490,0.6238,489,True,50,0.4,True,128,ReLU,BL50LO,test_singlepass,19,69
0,0.4285800620269775,443,0.6293791899314294,193,0.7538,443,0.6921,92,True,50,0.4,True,128,ReLU,BL50LO,normal_doublepass,20,70
0,0.4214211168384552,441,0.6436239425952618,457,0.7654,441,0.6978,259,True,50,0.4,True,128,ReLU,BL50LO,test_singlepass,20,68
0,0.4295427203178406,459,0.6149672326788438,304,0.7516,483,0.6963,225,True,50,0.4,True,128,ReLU,BL50LO,normal_doublepass,21,63
0,0.42485597435951233,476,0.6133729173018869,168,0.7609,476,0.7116,159,True,50,0.4,True,128,ReLU,BL50LO,test_singlepass,21,60
0,0.4207380725669861,444,0.6558520677515152,441,0.7629,444,0.6946,116,True,50,0.4,True,128,ReLU,BL50LO,normal_doublepass,22,63
0,0.41784833919525144,481,0.6666325254472418,1,0.7694,481,0.6896,448,True,50,0.4,True,128,ReLU,BL50LO,test_singlepass,22,60
0,0.4277101821231842,495,0.6548600441891587,435,0.7516,495,0.7072,435,True,50,0.4,True,128,ReLU,BL50LO,normal_doublepass,23,63
0,0.4224932102203369,495,0.6708443809026448,2,0.7613,495,0.6946,489,True,50,0.4,True,128,ReLU,BL50LO,test_singlepass,23,61
0,0.4273472074317932,452,0.6447695721333949,138,0.7521,452,0.6615,170,True,50,0.4,True,128,ReLU,BL50LO,normal_doublepass,24,64
0,0.42207561641693114,496,0.6502449734127103,3,0.7624,496,0.676,476,True,50,0.4,True,128,ReLU,BL50LO,test_singlepass,24,61
0,0.4278088629436493,430,0.6074682426084581,144,0.753,476,0.6988,117,True,50,0.4,True,128,ReLU,BL50LO,normal_doublepass,25,71
0,0.42093556705474855,491,0.6171791724234461,223,0.7659,491,0.6834,214,True,50,0.4,True,128,ReLU,BL50LO,test_singlepass,25,68
0,0.426036757774353,498,0.6547535308202108,2,0.7558,498,0.6486,369,True,50,0.4,True,128,ReLU,BL50LO,normal_doublepass,26,71
0,0.4219603139591217,462,0.6553247547149659,2,0.7653,455,0.6558,389,True,50,0.4,True,128,ReLU,BL50LO,test_singlepass,26,68
0,0.4326540898990631,483,0.6204833690434286,120,0.7501,488,0.649,355,True,50,0.4,True,128,ReLU,BL50LO,normal_doublepass,27,72
0,0.42418706698417663,491,0.6261410068159234,329,0.7663,491,0.665,304,True,50,0.4,True,128,ReLU,BL50LO,test_singlepass,27,68
0,0.42465786856651305,429,0.651302063960105,2,0.7575,480,0.6406,413,True,50,0.4,True,128,ReLU,BL50LO,normal_doublepass,28,62
0,0.419374231262207,425,0.6513684276478513,2,0.7673,378,0.6463,336,True,50,0.4,True,128,ReLU,BL50LO,test_singlepass,28,60
0,0.426509568195343,483,0.6437284547402123,253,0.7513,320,0.6849,488,True,50,0.4,True,128,ReLU,BL50LO,normal_doublepass,29,62
0,0.41896015498161315,496,0.6556904312933074,3,0.7639,496,0.6705,149,True,50,0.4,True,128,ReLU,BL50LO,test_singlepass,29,61
0,0.42559432596206664,500,0.6696383271201738,2,0.7528,500,0.6558,125,True,50,0.4,True,128,ReLU,BL50LO,normal_doublepass,30,62
0,0.4181608038043976,468,0.6700699787873489,2,0.7654,490,0.6516,484,True,50,0.4,True,128,ReLU,BL50LO,test_singlepass,30,60
0,0.4219166647911072,495,0.6177821343996709,119,0.7608,495,0.6982,98,True,50,0.4,True,128,ReLU,BL50LO,normal_doublepass,31,62
0,0.42061959204673766,489,0.6294357511732314,371,0.7669,447,0.6922,276,True,50,0.4,True,128,ReLU,BL50LO,test_singlepass,31,61
0,0.42790943383216856,491,0.6523208529025585,143,0.7514,473,0.6723,185,True,50,0.4,True,128,ReLU,BL50LO,normal_doublepass,32,70
0,0.42222756692886354,496,0.6581095431302045,165,0.7624,496,0.6832,119,True,50,0.4,True,128,ReLU,BL50LO,test_singlepass,32,69
0,0.4286690983963013,499,0.6186928291069834,268,0.7505,499,0.715,352,True,50,0.4,True,128,ReLU,BL50LO,normal_doublepass,33,71
0,0.4226321102809906,496,0.6346144695031015,271,0.7636,496,0.7077,150,True,50,0.4,True,128,ReLU,BL50LO,test_singlepass,33,70
0,0.4303854333496094,459,0.6130261332256717,54,0.7519,485,0.6732,40,True,50,0.4,True,128,ReLU,BL50LO,normal_doublepass,34,72
0,0.4233775177574158,489,0.6226338747230648,463,0.7654,489,0.6613,16,True,50,0.4,True,128,ReLU,BL50LO,test_singlepass,34,70
0,0.42833622646331787,475,0.6378464973889865,3,0.7531,496,0.6406,486,True,50,0.4,True,128,ReLU,BL50LO,normal_doublepass,35,63
0,0.4187810363292694,468,0.6390672505318702,3,0.7702,468,0.6095,17,True,50,0.4,True,128,ReLU,BL50LO,test_singlepass,35,60
0,0.4220612341976166,459,0.6641285535072484,3,0.7574,459,0.6559,445,True,50,0.4,True,128,ReLU,BL50LO,normal_doublepass,36,64
0,0.4171426605606079,495,0.6671039133269002,3,0.7674,373,0.6322,412,True,50,0.4,True,128,ReLU,BL50LO,test_singlepass,36,61
0,0.4256162536907196,495,0.6722610080630661,2,0.7524,495,0.6613,229,True,50,0.4,True,128,ReLU,BL50LO,normal_doublepass,37,64
0,0.4204658419799805,469,0.6726199434511044,2,0.765,469,0.6438,422,True,50,0.4,True,128,ReLU,BL50LO,test_singlepass,37,61
0,0.4275015146446228,486,0.6554464847891481,3,0.7537,479,0.6489,389,True,50,0.4,True,128,ReLU,BL50LO,normal_doublepass,38,64
0,0.42073028069496154,450,0.6559897882121426,3,0.7673,450,0.6552,314,True,50,0.4,True,128,ReLU,BL50LO,test_singlepass,38,61
0,0.42483352820396425,452,0.6671950071008055,497,0.7598,452,0.673,429,True,50,0.4,True,128,ReLU,BL50LO,normal_doublepass,39,70
0,0.4201734741783142,497,0.671903025853884,1,0.7665,497,0.6823,428,True,50,0.4,True,128,ReLU,BL50LO,test_singlepass,39,70
0,0.4291099645614624,478,0.6538127077144126,114,0.7494,478,0.6649,339,True,50,0.4,True,128,ReLU,BL50LO,normal_doublepass,40,71
0,0.41922575117111205,445,0.6560549110951631,3,0.7691,445,0.679,334,True,50,0.4,True,128,ReLU,BL50LO,test_singlepass,40,69
0,0.42617950072288513,483,0.6276856387533792,266,0.7551,483,0.6722,468,True,50,0.4,True,128,ReLU,BL50LO,normal_doublepass,41,71
0,0.42101960121154786,444,0.6405445755981818,3,0.7649,444,0.6685,217,True,50,0.4,True,128,ReLU,BL50LO,test_singlepass,41,69
0,0.43157897319793703,500,0.6074083569351474,444,0.7488,500,0.6947,464,True,50,0.4,True,128,ReLU,BL50LO,normal_doublepass,42,62
0,0.42490713800430296,479,0.6241406057694963,413,0.7617,494,0.6794,459,True,50,0.4,True,128,ReLU,BL50LO,test_singlepass,42,60
0,0.42745470073699954,468,0.6607565299857527,2,0.7503,489,0.6657,339,True,50,0.4,True,128,ReLU,BL50LO,normal_doublepass,43,63
0,0.42105393785476686,422,0.6615639820468767,2,0.7644,470,0.6629,435,True,50,0.4,True,128,ReLU,BL50LO,test_singlepass,43,60
0,0.424907114944458,494,0.6646811430086226,437,0.7551,494,0.6771,323,True,50,0.4,True,128,ReLU,BL50LO,normal_doublepass,44,63
0,0.4182973854827881,482,0.6654682763470899,2,0.7675,491,0.6808,246,True,50,0.4,True,128,ReLU,BL50LO,test_singlepass,44,61
0,0.42908374451637266,453,0.642385742570337,187,0.7538,453,0.6451,294,True,50,0.4,True,128,ReLU,BL50LO,normal_doublepass,45,63
0,0.4218184691810608,480,0.6375607025666049,466,0.7656,484,0.6708,435,True,50,0.4,True,128,ReLU,BL50LO,test_singlepass,45,61
0,0.4250088136100769,499,0.6520146983301538,164,0.7568,393,0.7011,194,True,50,0.4,True,128,ReLU,BL50LO,normal_doublepass,46,72
0,0.418797303981781,397,0.6573181004605742,380,0.7686,472,0.7035,471,True,50,0.4,True,128,ReLU,BL50LO,test_singlepass,46,70
0,0.4346053932571411,475,0.6155164655974723,102,0.7456,475,0.6628,283,True,50,0.4,True,128,ReLU,BL50LO,normal_doublepass,47,72
0,0.42598708360672,496,0.6203041222780891,162,0.7622,426,0.6817,481,True,50,0.4,True,128,ReLU,BL50LO,test_singlepass,47,70
0,0.4290629123020172,483,0.6405862871564139,140,0.7526,483,0.6558,48,True,50,0.4,True,128,ReLU,BL50LO,normal_doublepass,48,72
0,0.4222471032047272,472,0.6464771135761828,2,0.7665,472,0.6543,457,True,50,0.4,True,128,ReLU,BL50LO,test_singlepass,48,71
0,0.43201878322601317,472,0.5994216689129466,391,0.7472,472,0.7197,33,True,50,0.4,True,128,ReLU,BL50LO,normal_doublepass,49,64
0,0.42432419218063355,486,0.5828926124933249,463,0.7604,486,0.7393,494,True,50,0.4,True,128,ReLU,BL50LO,test_singlepass,49,61
0,0.42331243523597717,471,0.645084239023853,384,0.7562,469,0.6944,411,True,50,0.4,True,128,ReLU,BL50LO,normal_doublepass,50,64
0,0.41901881895065307,480,0.6589727326848106,349,0.7648,480,0.6846,294,True,50,0.4,True,128,ReLU,BL50LO,test_singlepass,50,61
0,0.42882266414642334,477,0.6534847159865041,3,0.7497,477,0.6864,174,True,50,0.4,True,128,ReLU,BL50LO,normal_doublepass,51,64
0,0.4209963817501068,478,0.6549887737058878,3,0.7646,478,0.6803,11,True,50,0.4,True,128,ReLU,BL50LO,test_singlepass,51,61
0,0.4302439264297485,438,0.6493440884065804,58,0.7512,438,0.6748,60,True,50,0.4,True,128,ReLU,BL50LO,normal_doublepass,52,64
0,0.4237180045223236,447,0.6603188391541203,3,0.7629,447,0.6693,143,True,50,0.4,True,128,ReLU,BL50LO,test_singlepass,52,63
0,0.4239643091773987,490,0.6591603027449714,2,0.7529,490,0.6854,50,True,50,0.4,True,128,ReLU,BL50LO,normal_doublepass,53,71
0,0.4180265997982025,478,0.6596389412879944,2,0.7653,478,0.6949,465,True,50,0.4,True,128,ReLU,BL50LO,test_singlepass,53,69
0,0.4271804235172272,481,0.6322741113699876,231,0.752,481,0.676,231,True,50,0.4,True,128,ReLU,BL50LO,normal_doublepass,54,71
0,0.4210585400104523,487,0.6387741031584802,494,0.7641,443,0.6841,477,True,50,0.4,True,128,ReLU,BL50LO,test_singlepass,54,70
0,0.4266928914642334,438,0.66622790784226,2,0.7533,481,0.6592,419,True,50,0.4,True,128,ReLU,BL50LO,normal_doublepass,55,71
0,0.4212932641983032,459,0.6663156014140927,2,0.7636,459,0.6522,130,True,50,0.4,True,128,ReLU,BL50LO,test_singlepass,55,70
0,0.42566895137786864,460,0.6247348203497418,495,0.7558,405,0.7261,138,True,50,0.4,True,128,ReLU,BL50LO,normal_doublepass,56,62
0,0.4219275350189209,471,0.6322681301731174,454,0.7633,458,0.714,444,True,50,0.4,True,128,ReLU,BL50LO,test_singlepass,56,61
0,0.4250546298789978,443,0.6691139936447144,2,0.7535,443,0.66,220,True,50,0.4,True,128,ReLU,BL50LO,normal_doublepass,57,63
0,0.42041841095924376,432,0.6698849291017611,2,0.7634,489,0.6693,285,True,50,0.4,True,128,ReLU,BL50LO,test_singlepass,57,61
0,0.42780919425964353,496,0.6148122178541647,278,0.7558,496,0.6578,271,True,50,0.4,True,128,ReLU,BL50LO,normal_doublepass,58,63
0,0.42217599611282347,494,0.6301668817932541,493,0.7679,494,0.6428,494,True,50,0.4,True,128,ReLU,BL50LO,test_singlepass,58,62
0,0.42752876772880555,401,0.6625851800009025,2,0.755,439,0.6602,480,True,50,0.4,True,128,ReLU,BL50LO,normal_doublepass,59,63
0,0.42095191261291504,424,0.6634979383801226,2,0.766,424,0.6577,476,True,50,0.4,True,128,ReLU,BL50LO,test_singlepass,59,62
0,0.42808970982551575,496,0.6325185726428854,173,0.7549,414,0.6696,30,True,50,0.4,True,128,ReLU,BL50LO,normal_doublepass,60,63
0,0.4186744741630554,477,0.6404107151360348,2,0.7706,413,0.6599,446,True,50,0.4,True,128,ReLU,BL50LO,test_singlepass,60,60
0,0.42849544273376466,447,0.6241867815759261,313,0.7517,467,0.6794,181,True,50,0.4,True,128,ReLU,BL50LO,normal_doublepass,61,63
0,0.4219011007118225,461,0.6393338106768353,3,0.7663,441,0.6654,125,True,50,0.4,True,128,ReLU,BL50LO,test_singlepass,61,59
0,0.43085949195861817,484,0.633579438310921,163,0.7467,484,0.65,211,True,50,0.4,True,128,ReLU,BL50LO,normal_doublepass,62,71
0,0.4231351305294037,498,0.6386694185361513,4,0.7611,498,0.6486,349,True,50,0.4,True,128,ReLU,BL50LO,test_singlepass,62,68
0,0.4201985567760467,480,0.6604276806576175,2,0.7623,435,0.68,172,True,50,0.4,True,128,ReLU,BL50LO,normal_doublepass,63,63
0,0.4169884464740753,483,0.6610635572191372,2,0.7681,464,0.6697,403,True,50,0.4,True,128,ReLU,BL50LO,test_singlepass,63,60
0,0.42964612279891967,482,0.6125398818465778,452,0.7528,482,0.6752,470,True,50,0.4,True,128,ReLU,BL50LO,normal_doublepass,64,71
0,0.4240443255996704,474,0.6151160547964549,477,0.7633,474,0.68,245,True,50,0.4,True,128,ReLU,BL50LO,test_singlepass,64,69
0,0.42908860481262207,477,0.6424193733575329,126,0.7488,468,0.676,153,True,50,0.4,True,128,ReLU,BL50LO,normal_doublepass,65,63
0,0.4200080729866028,447,0.6481738733929514,236,0.7682,389,0.6793,456,True,50,0.4,True,128,ReLU,BL50LO,test_singlepass,65,61
0,0.4254095807552338,496,0.658047911362405,3,0.7551,496,0.6469,422,True,50,0.4,True,128,ReLU,BL50LO,normal_doublepass,66,71
0,0.4210931887435913,462,0.6582759154701904,3,0.765,462,0.6458,427,True,50,0.4,True,128,ReLU,BL50LO,test_singlepass,66,69
0,0.43133302238464355,480,0.5837961913834155,199,0.7527,480,0.6819,404,True,50,0.4,True,128,ReLU,BL50LO,normal_doublepass,67,64
0,0.4253536111164093,487,0.5884064343613638,419,0.7623,487,0.6857,420,True,50,0.4,True,128,ReLU,BL50LO,test_singlepass,67,60
0,0.42710270622253416,468,0.6431936697622316,343,0.7546,468,0.6828,391,True,50,0.4,True,128,ReLU,BL50LO,normal_doublepass,68,65
0,0.42058468307495117,481,0.6513509572079751,475,0.767,443,0.681,430,True,50,0.4,True,128,ReLU,BL50LO,test_singlepass,68,60
0,0.4236214115333557,408,0.6616880597283461,2,0.7597,478,0.6675,92,True,50,0.4,True,128,ReLU,BL50LO,normal_doublepass,69,65
0,0.4191114598751068,448,0.6623045399065308,2,0.7681,448,0.6721,499,True,50,0.4,True,128,ReLU,BL50LO,test_singlepass,69,60
0,0.42792891269683836,495,0.658597816379404,2,0.7499,435,0.6725,57,True,50,0.4,True,128,ReLU,BL50LO,normal_doublepass,70,65
0,0.4232724017238617,419,0.6584940973809148,2,0.7598,473,0.6755,463,True,50,0.4,True,128,ReLU,BL50LO,test_singlepass,70,60
0,0.42573359375953673,471,0.6245868520003732,422,0.7539,471,0.7148,456,True,50,0.4,True,128,ReLU,BL50LO,normal_doublepass,71,72
0,0.42182897919654844,493,0.6404193815789692,361,0.7637,493,0.7057,419,True,50,0.4,True,128,ReLU,BL50LO,test_singlepass,71,68
0,0.429034081325531,441,0.6227784093123602,359,0.7499,441,0.6652,322,True,50,0.4,True,128,ReLU,BL50LO,normal_doublepass,72,72
0,0.42228099447250367,493,0.6326611936614309,2,0.7637,340,0.6513,101,True,50,0.4,True,128,ReLU,BL50LO,test_singlepass,72,69
0,0.4303781159210205,498,0.6244415187620902,386,0.7507,458,0.6964,326,True,50,0.4,True,128,ReLU,BL50LO,normal_doublepass,73,72
0,0.4218649085044861,406,0.6420274195370373,450,0.7661,406,0.6855,477,True,50,0.4,True,128,ReLU,BL50LO,test_singlepass,73,69
0,0.4295725008392334,438,0.6253799442167924,147,0.7494,462,0.6852,147,True,50,0.4,True,128,ReLU,BL50LO,normal_doublepass,74,62
0,0.4221857478904724,412,0.6324863294868955,433,0.7652,493,0.6816,462,True,50,0.4,True,128,ReLU,BL50LO,test_singlepass,74,60
0,0.42606549098014834,496,0.6736893336823646,1,0.7563,496,0.6902,124,True,50,0.4,True,128,ReLU,BL50LO,normal_doublepass,75,62
0,0.42051277641296386,473,0.6735868060842474,1,0.7662,473,0.7008,275,True,50,0.4,True,128,ReLU,BL50LO,test_singlepass,75,60
0,0.4304245172405243,489,0.6571630761909808,146,0.7447,475,0.6944,166,True,50,0.4,True,128,ReLU,BL50LO,normal_doublepass,76,62
0,0.4219451223182678,488,0.662803196765848,3,0.7613,488,0.6778,189,True,50,0.4,True,128,ReLU,BL50LO,test_singlepass,76,62
0,0.42679376088142396,496,0.622961405696414,135,0.7525,496,0.7032,76,True,50,0.4,True,128,ReLU,BL50LO,normal_doublepass,77,63
0,0.41947408379554746,457,0.6291941584070456,496,0.7679,495,0.703,228,True,50,0.4,True,128,ReLU,BL50LO,test_singlepass,77,62
0,0.4282401811790466,378,0.6274628513153838,233,0.7522,378,0.677,183,True,50,0.4,True,128,ReLU,BL50LO,normal_doublepass,78,70
0,0.42213241251945494,406,0.6486722592976695,3,0.764,408,0.6606,313,True,50,0.4,True,128,ReLU,BL50LO,test_singlepass,78,71
0,0.41831768896102905,498,0.6698447540045925,1,0.7647,498,0.6622,229,True,50,0.4,True,128,ReLU,BL50LO,normal_doublepass,79,70
0,0.41462619089126584,478,0.6701109760115591,1,0.7707,370,0.6444,497,True,50,0.4,True,128,ReLU,BL50LO,test_singlepass,79,73
0,0.42362894760131836,476,0.652860335426627,2,0.7586,476,0.6284,214,True,50,0.4,True,128,ReLU,BL50LO,normal_doublepass,80,70
0,0.41686625900268554,482,0.6531378281960627,2,0.7719,482,0.6231,473,True,50,0.4,True,128,ReLU,BL50LO,test_singlepass,80,73
0,0.4262674410820007,494,0.6424718425277735,396,0.7559,494,0.6832,489,True,50,0.4,True,128,ReLU,BL50LO,normal_doublepass,81,66
0,0.4199015548992157,442,0.646312654402329,2,0.7667,442,0.6773,449,True,50,0.4,True,128,ReLU,BL50LO,test_singlepass,81,60
0,0.42788340428352356,500,0.6631099606689426,490,0.749,489,0.7043,477,True,50,0.4,True,128,ReLU,BL50LO,normal_doublepass,82,66
0,0.42398738122940066,408,0.6710816438297974,2,0.7575,475,0.7023,454,True,50,0.4,True,128,ReLU,BL50LO,test_singlepass,82,60
0,0.43510381653785707,387,0.6057139560200767,338,0.7414,475,0.6869,362,True,50,0.4,True,128,ReLU,BL50LO,normal_doublepass,83,66
0,0.425844930973053,407,0.612969316529499,268,0.7603,407,0.6883,251,True,50,0.4,True,128,ReLU,BL50LO,test_singlepass,83,60
0,0.4243448188209534,404,0.6544998128142133,3,0.7556,404,0.6102,450,True,50,0.4,True,128,ReLU,BL50LO,normal_doublepass,84,66
0,0.41940630345344543,486,0.6549683453252652,3,0.7663,485,0.6174,235,True,50,0.4,True,128,ReLU,BL50LO,test_singlepass,84,60
0,0.42475062618255616,442,0.6579012188459197,2,0.7542,442,0.6625,316,True,50,0.4,True,128,ReLU,BL50LO,normal_doublepass,85,70
0,0.41979065405845645,470,0.6589203961875395,2,0.7645,470,0.6602,488,True,50,0.4,True,128,ReLU,BL50LO,test_singlepass,85,70
0,0.4225908953857422,479,0.6715202979593469,2,0.7588,490,0.6799,220,True,50,0.4,True,128,ReLU,BL50LO,normal_doublepass,86,70
0,0.41590112624168396,477,0.6719123721122742,2,0.7694,406,0.6619,377,True,50,0.4,True,128,ReLU,BL50LO,test_singlepass,86,69
0,0.4234187641143799,482,0.6460648862253718,454,0.7608,482,0.6726,469,True,50,0.4,True,128,ReLU,BL50LO,normal_doublepass,87,71
0,0.4189369942855835,483,0.6502795316591984,269,0.7703,483,0.6884,380,True,50,0.4,True,128,ReLU,BL50LO,test_singlepass,87,69
0,0.4266927347755432,473,0.6550212547541484,3,0.7543,457,0.6532,453,True,50,0.4,True,128,ReLU,BL50LO,normal_doublepass,88,62
0,0.4208777104949951,451,0.6552840358612874,3,0.7645,409,0.6543,261,True,50,0.4,True,128,ReLU,BL50LO,test_singlepass,88,60
0,0.43092028558731077,458,0.6520459481059784,470,0.7481,444,0.6565,390,True,50,0.4,True,128,ReLU,BL50LO,normal_doublepass,89,63
0,0.42088516275405885,439,0.6556584242094367,3,0.767,439,0.6621,481,True,50,0.4,True,128,ReLU,BL50LO,test_singlepass,89,60
0,0.42427721073150637,485,0.6704155378145714,2,0.7546,485,0.6661,50,True,50,0.4,True,128,ReLU,BL50LO,normal_doublepass,90,63
0,0.4192325433540344,414,0.6714351985552539,2,0.7644,414,0.6636,223,True,50,0.4,True,128,ReLU,BL50LO,test_singlepass,90,61
0,0.4318621483516693,398,0.633158690536145,80,0.7457,405,0.7037,83,True,50,0.4,True,128,ReLU,BL50LO,normal_doublepass,91,63
0,0.4231109569358826,497,0.6343500972613436,315,0.7609,497,0.7168,486,True,50,0.4,True,128,ReLU,BL50LO,test_singlepass,91,62
0,0.4295481986618042,492,0.6003245115280151,77,0.7545,492,0.6969,424,True,50,0.4,True,128,ReLU,BL50LO,normal_doublepass,92,71
0,0.42330284675598145,500,0.6028657991310645,466,0.7654,500,0.7056,265,True,50,0.4,True,128,ReLU,BL50LO,test_singlepass,92,72
0,0.42943408118247983,461,0.6209280654066592,241,0.7543,461,0.6613,355,True,50,0.4,True,128,ReLU,BL50LO,normal_doublepass,93,71
0,0.42316994081497195,463,0.6286437048736916,317,0.767,463,0.6665,454,True,50,0.4,True,128,ReLU,BL50LO,test_singlepass,93,72
0,0.42670013359069825,317,0.6777882483805839,2,0.7514,317,0.6377,267,True,50,0.4,True,128,ReLU,BL50LO,normal_doublepass,94,73
0,0.41871637969970704,463,0.6779643980187147,2,0.768,463,0.6493,490,True,50,0.4,True,128,ReLU,BL50LO,test_singlepass,94,70
0,0.4230727452945709,484,0.6357855182333091,285,0.7625,484,0.6654,473,True,50,0.4,True,128,ReLU,BL50LO,normal_doublepass,95,65
0,0.4196273504447937,464,0.6466053541992948,2,0.7698,451,0.6628,343,True,50,0.4,True,128,ReLU,BL50LO,test_singlepass,95,58
0,0.4284161937713623,433,0.5999503860168586,428,0.7515,457,0.69,93,True,50,0.4,True,128,ReLU,BL50LO,normal_doublepass,96,64
0,0.4211402295303345,450,0.6070896872767696,481,0.766,450,0.6821,456,True,50,0.4,True,128,ReLU,BL50LO,test_singlepass,96,56
0,0.4278520178604126,450,0.6642957548103711,2,0.7452,469,0.6612,129,True,50,0.4,True,128,ReLU,BL50LO,normal_doublepass,97,65
0,0.41977881719589233,496,0.6645594459555724,2,0.7639,496,0.6535,206,True,50,0.4,True,128,ReLU,BL50LO,test_singlepass,97,54
0,0.43287449741363526,453,0.6298856303464397,90,0.7449,453,0.6654,83,True,50,0.4,True,128,ReLU,BL50LO,normal_doublepass,98,65
0,0.42687262231826784,409,0.6411894690442843,407,0.7574,459,0.6797,417,True,50,0.4,True,128,ReLU,BL50LO,test_singlepass,98,52
0,0.427913913192749,495,0.631024296744531,85,0.7507,457,0.6865,85,True,50,0.4,True,128,ReLU,BL50LO,normal_doublepass,99,59
0,0.42009097694396974,478,0.6335329199037631,491,0.7657,478,0.6896,229,True,50,0.4,True,128,ReLU,BL50LO,test_singlepass,99,53
