mutant,HLA,EL_rank_mut,target,EL_rank_wt,EL_rank_wt_aligned,Total_Gene_TPM,Total_Peptide_TPM,Total_Scaled_Peptide_TPM,VHSE1,VHSE3,VHSE7,VHSE8,aliphatic_index,boman,core_mut,core_wt_aligned,hydrophobicity,icore_anchor,icore_anchor_mutation,icore_blsm_mut_score,icore_selfsimilarity,icore_len_mut,icore_len_wt,icore_mut,icore_mut_score,icore_mut_start,icore_mutation_position,icore_wt_aligned,isoelectric_point,len,len_icore_mut,seq_id,trueHLA_EL_rank,wild_type,foreignness_score,ratio_rank,expanded_input,ratio_rank_squared
AFGSAHLFR,HLA-A3101,0.247,1,0.1952,0.1952,2.22099,2.221,0.74,0.2144444444444443,-0.2788888888888888,0.1933333333333333,-0.1922222222222222,65.55555555555554,0.8377777777777777,AFGSAHLFR,AFGSAHLYR,0.4555555555555553,"0,1,8",False,3,0.970142,9,9,AFGSAHLFR,2,0,7,AFGSAHLYR,10.551758703775704,9,9,>seq_1,0.247,AFGSAHLYR,0.0,0.065546106557377,AFGSAHLFR,0.312546106557377
AIANRIKFK,HLA-A1101,0.138,0,0.2147,0.2147,8.9507,8.951,4.476,-0.0488888888888888,0.1255555555555555,0.4844444444444444,-0.1255555555555556,108.88888888888889,1.8022222222222224,AIANRIKFK,AIANRIKSK,-0.0444444444444444,"0,1,8",False,-2,0.945678,9,9,AIANRIKFK,2,0,7,AIANRIKSK,11.823055271990595,9,9,>seq_2,0.138,AIANRIKSK,0.0,0.049299487657196,AIANRIKFK,0.0887005123428039
AICKPLHYV,HLA-A0201,0.361,0,2.3945,2.3945,0.0900017999999999,0.09,0.09,0.3277777777777778,0.0466666666666666,-0.0177777777777777,0.2633333333333333,129.99999999999997,-0.7355555555555556,AICKPLHYV,AICKPLHYM,0.7555555555555556,"1,3,8",True,1,0.980775,9,9,AICKPLHYV,1,0,8,AICKPLHYM,8.53052634280175,9,9,>seq_3,0.361,AICKPLHYM,0.0,0.3065748590519941,AICKPLHYV,0.0544251409480058
AIPAMVVPNV,HLA-A0201,2.2606,0,5.4562,5.4562,3.11105,3.111,1.556,0.4309999999999999,-0.385,-0.067,0.446,146.0,-1.6369999999999998,AIPAVVPNV,AIPAVVPNA,1.59,"0,1,2,4,9",True,0,0.988621,10,10,AIPAMVVPNV,4,0,9,AIPAMVVPNA,6.099999998230487,10,10,>seq_4,2.2606,AIPAMVVPNA,2.06492758662935e-13,1.3239935046369269,AIPAMVVPNV,0.9366064953630734
ALEVLQSIPY,HLA-A0101,0.623,0,1.8876,1.8876,0.000999989,0.001,0.001,0.292,-0.062,-0.096,0.088,156.0,-0.4720000000000001,ALEVLQSIY,APEVLQSIY,0.7400000000000001,"1,2,9",True,-3,0.956203,10,10,ALEVLQSIPY,4,0,1,APEVLQSIPY,3.8499827128835022,10,10,>seq_5,0.623,APEVLQSIPY,0.0,0.4173796355159991,ALEVLQSIPY,0.2056203644840008
ALGTLLHTNV,HLA-A0201,0.8919,0,1.4776,1.4776,15.6414,15.641,2.612,0.269,-0.417,0.2449999999999999,-0.3079999999999999,156.0,-0.511,ALGTLLHTV,ALGTLLHTL,0.8899999999999999,"0,1,2,4,9",True,1,0.991012,10,10,ALGTLLHTNV,6,0,9,ALGTLLHTNL,7.550323993898928,10,10,>seq_6,0.8919,ALGTLLHTNL,0.0,0.3535367014076881,ALGTLLHTNV,0.5383632985923119
ALLMCLLPL,HLA-A0201,1.9643,0,1.1262,1.1262,0.601999,0.602,0.255,0.9288888888888888,-0.0088888888888889,-0.2111111111111111,-0.0988888888888889,227.77777777777777,-3.3377777777777777,ALLMCLLPL,ALLMCPLPL,2.622222222222222,"1,3,8",False,-3,0.902431,9,9,ALLMCLLPL,4,0,5,ALLMCPLPL,5.922539790626615,9,9,>seq_7,1.9643,ALLMCPLPL,0.50007368407744,1.4618005949209727,ALLMCLLPL,3.426100594920973
ALVGAISSI,HLA-A0201,0.2293,0,0.0276,0.0276,0.643988,0.644,0.356,0.38,-0.7422222222222223,0.1077777777777777,-0.3322222222222222,184.4444444444444,-1.8400000000000003,ALVGAISSI,ALVGAIPSI,2.066666666666667,"1,3,8",False,-1,0.937684,9,9,ALVGAISSI,4,0,6,ALVGAIPSI,6.099999998230487,9,9,>seq_8,0.2293,ALVGAIPSI,0.0,1.6757177536231882,ALVGAISSI,1.9050177536231885
AMIAKISNEL,HLA-A0201,0.7029,0,1.5379,1.5379,5.51095,5.511,3.935,0.1166666666666667,-0.0666666666666667,0.21,-0.2866666666666667,141.1111111111111,0.3866666666666667,MIAKISNEL,MITKISNEL,0.5333333333333334,"1,3,8",False,0,0.956414,9,9,MIAKISNEL,4,1,2,MITKISNEL,6.408795645926148,10,9,>seq_9,1.4754,AMITKISNEL,0.0,0.3816382729696339,MIAKISNEL,0.321261727030366
ASIRNANLY,HLA-A0101,0.2469,0,0.1751,0.1751,0.292993,0.293,0.235,-0.0644444444444444,-0.16,0.1999999999999999,-0.3211111111111111,108.88888888888889,2.031111111111111,ASIRNANLY,ASIRDANLY,-0.1888888888888889,"1,2,8",False,1,0.940499,9,9,ASIRNANLY,2,0,4,ASIRDANLY,9.348807885311544,9,9,>seq_10,0.2469,ASIRDANLY,0.0,0.1012416904625928,ASIRNANLY,0.3481416904625928
ASLDGASLEK,HLA-A1101,0.0389,0,0.3122,0.3122,5.47098,5.471,1.822,-0.2019999999999999,-0.636,0.418,-0.261,98.0,1.348,ASLDGSLEK,ASDGASLEK,-0.1699999999999999,"0,1,9",False,-3,0.932526,10,10,ASLDGASLEK,4,0,2,ASPDGASLEK,4.184407519642264,10,10,>seq_11,0.0389,ASPDGASLEK,0.0,0.0340530749519538,ASLDGASLEK,0.0048469250480461
ATALLEYLEY,HLA-A0101,0.1842,0,0.3525,0.3525,39.58,39.58,19.79,0.2900000000000001,0.0369999999999999,0.007,-0.343,137.0,-0.1910000000000001,ATALEYLEY,ATALLEYEY,0.47,"1,2,9",False,-3,0.930698,10,10,ATALLEYLEY,4,0,7,ATALLEYPEY,3.6136908694170415,10,10,>seq_12,0.1842,ATALLEYPEY,0.0,0.0879457021276595,ATALLEYLEY,0.0962542978723404
CILGKLFTK,HLA-A1101,0.2786,1,0.3867,0.3867,28.332,28.332,19.25,0.3122222222222223,-0.0288888888888889,0.171111111111111,-0.2722222222222222,129.99999999999997,-0.6988888888888889,CILGKLFTK,CILGELFTK,0.9444444444444444,"0,1,8",False,1,0.945364,9,9,CILGKLFTK,2,0,4,CILGELFTK,9.676237541250885,9,9,>seq_13,0.2786,CILGELFTK,9.05359508832148e-07,0.0778811998965606,CILGKLFTK,0.2007188001034394
CILGKLFTKK,HLA-A1101,0.2786,1,0.3867,0.3867,28.332,28.332,19.25,0.3122222222222223,-0.0288888888888889,0.171111111111111,-0.2722222222222222,129.99999999999997,-0.6988888888888889,CILGKLFTK,CILGELFTK,0.9444444444444444,"0,1,8",False,1,0.945364,9,9,CILGKLFTK,2,0,4,CILGELFTK,9.676237541250885,10,9,>seq_14,1.9084,CILGELFTKK,9.05359508832148e-07,0.0778811998965606,CILGKLFTK,0.2007188001034394
CLFLEIYTV,HLA-A0201,0.4353,0,0.4224,0.4224,0.000999989,0.001,0.001,0.6155555555555555,0.2299999999999999,-0.4466666666666667,-0.2111111111111111,162.2222222222222,-1.5044444444444447,CLFLEIYTV,CLFLGIYTV,1.7888888888888888,"1,3,8",False,-2,0.9069,9,9,CLFLEIYTV,2,0,4,CLFLGIYTV,3.849961610045284,9,9,>seq_15,0.4353,CLFLGIYTV,0.0,0.0132939630681818,CLFLEIYTV,0.4485939630681819
CMQANSHYA,HLA-A0201,2.9839,0,1.8685,1.8685,3.11105,3.111,2.333,-0.1055555555555555,-0.2722222222222222,-0.21,-0.3111111111111111,22.22222222222222,1.458888888888889,CMQANSHYA,CMQANPHYA,-0.4777777777777778,"1,3,8",False,-1,0.912801,9,9,CMQANSHYA,4,0,5,CMQANPHYA,7.355498301796615,9,9,>seq_16,2.9839,CMQANPHYA,0.0,1.7812373882793688,CMQANSHYA,4.765137388279369
CSNFLLLAY,HLA-A0101,0.4651,0,0.2113,0.2113,0.0909992999999999,0.091,0.046,0.5422222222222223,-0.0044444444444444,-0.3566666666666667,-0.4377777777777777,141.1111111111111,-1.1833333333333331,CSNFLLLAY,CSNFSLLAY,1.4333333333333331,"1,2,8",False,-2,0.923117,9,9,CSNFLLLAY,2,0,4,CSNFSLLAY,5.919503211509436,9,9,>seq_17,0.4651,CSNFSLLAY,2.0491933110931699e-13,0.5586482725982017,CSNFLLLAY,1.0237482725982017
CTAGASSLLV,HLA-A0101,3.8174,0,3.5872,3.5872,12.2814,12.281,6.141,0.1466666666666666,-0.8622222222222223,-0.0877777777777778,-0.3466666666666667,108.88888888888889,-0.7011111111111111,CTAGASSLL,CTAGAGSLL,1.2222222222222223,"1,2,8",False,0,0.946832,9,9,CTAGASSLL,2,0,5,CTAGAGSLL,5.922539790626615,10,9,>seq_18,7.1775,CTAGAGSLLV,0.999999547320041,0.2449725356824263,CTAGASSLL,4.062372535682426
CTDTYMLEL,HLA-A0101,0.5168,0,0.3064,0.3064,0.000999989,0.001,0.001,0.1677777777777778,0.0499999999999999,-0.4344444444444444,-0.1411111111111111,86.66666666666666,0.8155555555555556,CTDTYMLEL,CTDTHMLEL,0.2555555555555554,"1,2,8",False,2,0.925915,9,9,CTDTYMLEL,2,0,4,CTDTHMLEL,3.5500656818039715,9,9,>seq_19,0.5168,CTDTHMLEL,0.0,0.3548783289817233,CTDTYMLEL,0.8716783289817233
CTDTYMLELF,HLA-A0101,0.5168,0,0.3064,0.3064,0.000999989,0.001,0.001,0.1677777777777778,0.0499999999999999,-0.4344444444444444,-0.1411111111111111,86.66666666666666,0.8155555555555556,CTDTYMLEL,CTDTHMLEL,0.2555555555555554,"1,2,8",False,2,0.925915,9,9,CTDTYMLEL,2,0,4,CTDTHMLEL,3.5500656818039715,10,9,>seq_20,0.9645,CTDTHMLELF,0.0,0.3548783289817233,CTDTYMLEL,0.8716783289817233
CVDSPPPLF,HLA-A0101,0.242,0,2.2701,2.2701,0.000999989,0.001,0.001,0.2955555555555555,-0.2544444444444445,-0.4755555555555555,1.1455555555555557,75.55555555555556,-0.1222222222222221,CVDSPPPLF,CVDSPPPLS,0.4666666666666665,"1,2,8",True,-2,0.972513,9,9,CVDSPPPLF,2,0,8,CVDSPPPLS,3.749971453566104,9,9,>seq_21,0.242,CVDSPPPLS,0.5,0.2162020175322672,CVDSPPPLF,0.0257979824677327
CVDSPPPLFF,HLA-A0101,0.242,0,0.5002,2.2701,0.000999989,0.001,0.001,0.2955555555555555,-0.2544444444444445,-0.4755555555555555,1.1455555555555557,75.55555555555556,-0.1222222222222221,CVDSPPPLF,CVDSPPPLS,0.4666666666666665,"1,2,8",True,-2,0.972513,9,9,CVDSPPPLF,2,0,8,CVDSPPPLS,3.749971453566104,10,9,>seq_22,0.4283,CVDSPPPLSF,0.5,0.2162020175322672,CVDSPPPLF,0.0257979824677327
DLIEIFRFGY,HLA-A2601,0.1187,0,0.0991,0.0991,75.4788,75.479,75.479,0.355,0.235,0.0389999999999999,-0.173,117.0,0.8930000000000001,DLIEIFRGY,DLIEIFRGY,0.5199999999999999,"0,1,9",False,0,0.957003,10,10,DLIEIFRFGY,6,0,7,DLIEIFRLGY,4.184406848158687,10,10,>seq_23,0.1187,DLIEIFRLGY,0.0,0.02347648839556,DLIEIFRFGY,0.14217648839556
DMIFFSIDRY,HLA-A2601,0.1346,0,0.3019,0.3019,0.34099,0.341,0.171,0.4344444444444444,0.4311111111111111,-0.4566666666666667,-0.0399999999999999,86.66666666666666,1.0033333333333334,MIFFSIDRY,MISFSIDRY,0.7111111111111111,"0,1,8",False,-2,0.922813,9,9,MIFFSIDRY,2,1,2,MISFSIDRY,6.3318953779526055,10,9,>seq_24,0.3178,DMISFSIDRY,0.0,0.0745895329579331,MIFFSIDRY,0.0600104670420669
DVFKVIAYLK,HLA-A1101,2.4494,0,0.5821,2.7572,0.770999,0.771,0.257,0.294,0.209,0.0799999999999999,-0.119,146.0,-0.2750000000000001,DVFKVIAYK,DVSKVIAYK,0.8699999999999998,"0,1,9",False,-2,0.944756,10,10,DVFKVIAYLK,2,0,2,DVSKVIAYLK,9.256043354980648,10,10,>seq_25,2.4494,DVSKVIAYLK,0.0,0.2734387494559701,DVFKVIAYLK,2.17596125054403
EATNPYMVY,HLA-A2601,0.0238,0,0.9027,0.9027,0.000999989,0.001,0.001,0.0944444444444444,-0.0077777777777777,-0.2222222222222222,0.1044444444444444,43.33333333333333,0.8999999999999998,EATNPYMVY,GATNPYMVY,-0.4444444444444445,"0,1,8",True,-2,0.970524,9,9,EATNPYMVY,2,0,0,GATNPYMVY,3.849982178304344,9,9,>seq_26,0.0238,GATNPYMVY,0.0,0.0231725047080979,EATNPYMVY,0.000627495291902
EIKKDGVGF,HLA-A2601,0.0829,0,0.0242,0.0242,0.941022,0.941,0.941,-0.1688888888888889,-0.3422222222222222,0.721111111111111,-0.2444444444444445,75.55555555555556,1.4233333333333331,EIKKDGVGF,EIKEDGVGF,-0.4555555555555555,"0,1,8",False,1,0.949496,9,9,EIKKDGVGF,2,0,3,EIKEDGVGF,6.492975460831076,9,9,>seq_27,0.0829,EIKEDGVGF,6.951608075305141e-09,0.2010838842975206,EIKKDGVGF,0.2839838842975207
EINPSLHTPM,HLA-A2601,0.2256,0,5.9162,5.9162,0.000999989,0.001,0.001,0.047,-0.143,-0.018,0.6060000000000001,78.0,1.189,EINPSLHTM,GINPSLHTM,-0.4699999999999999,"0,1,9",True,-2,0.978513,10,10,EINPSLHTPM,2,0,0,GINPSLHTPM,5.363507221918553,10,10,>seq_28,0.2256,GINPSLHTPM,0.992380228905816,0.2169972888002433,EINPSLHTPM,0.0086027111997566
EIPLIGLIPF,HLA-A2601,1.1654,0,10.9584,24.7333,0.061002,0.061,0.037,0.711,-0.095,0.0889999999999999,0.3969999999999999,195.0,-2.1710000000000003,EIPLGLIPF,EIPLIGIPS,1.6800000000000002,"0,1,9",True,-2,0.979364,10,10,EIPLIGLIPF,2,0,9,EIPLIGLIPS,3.849983240943402,10,10,>seq_29,1.1654,EIPLIGLIPS,3.5825568058282e-09,1.110487911439234,EIPLIGLIPF,0.0549120885607662
ELDEETNLKF,HLA-A0101,0.6529,0,0.7132,0.7132,9.49126,9.491,6.33,-0.295,0.1349999999999999,0.316,-0.1099999999999999,78.0,3.109,ELDEETLKF,ELDETNLKF,-1.1700000000000004,"1,2,9",False,-2,0.925343,10,10,ELDEETNLKF,2,0,3,ELDGETNLKF,3.778239151928574,10,10,>seq_30,0.6529,ELDGETNLKF,0.0,0.0552017246214244,ELDEETNLKF,0.5976982753785756
ELKHILYYAF,HLA-A2601,0.5536,0,1.0125,9.0814,0.0309996999999999,0.031,0.026,0.3037499999999999,0.5662499999999999,0.1937499999999999,-0.2012499999999999,146.25,0.3175000000000001,ELK-HILYY,ELK-HILYH,-0.1374999999999998,"0,1,7",True,2,0.966072,8,8,ELKHILYY,2,0,7,ELKHILYH,7.534170080907643,10,8,>seq_31,2.1041,ELKHILYHAF,0.5,0.5198526746977338,ELK-HILYY,0.0337473253022661
ELPIFQQPFY,HLA-A2601,0.3096,0,1.7646,1.7646,8.13082,8.131,3.61,0.362,0.321,-0.357,0.465,78.0,0.2229999999999999,ELPIFQQFY,EPIFQQPFY,-0.11,"0,1,9",True,-3,0.948736,10,10,ELPIFQQPFY,4,0,1,EPPIFQQPFY,3.8499827128835022,10,10,>seq_32,0.3096,EPPIFQQPFY,0.992380674687544,0.2552805168310098,ELPIFQQPFY,0.0543194831689901
ELSFHPSGNY,HLA-A2601,0.0876,0,0.3812,1.8641,5.43093,5.431,5.431,-0.0429999999999999,-0.268,0.0899999999999999,0.097,39.0,1.621,ESFHPSGNY,GSFHPSGNY,-0.8500000000000002,"0,1,9",True,-2,0.978345,10,10,ELSFHPSGNY,2,0,0,GLSFHPSGNY,5.363445803988725,10,10,>seq_33,0.0876,GLSFHPSGNY,0.0,0.0834833968134756,ELSFHPSGNY,0.0041166031865243
ELVGYGQKF,HLA-A2601,0.0952,0,0.6418,0.6418,0.0509984999999999,0.051,0.041,0.06,-0.2177777777777777,0.4344444444444443,-0.4788888888888889,75.55555555555556,0.4688888888888887,ELVGYGQKF,EFVGYGQKF,-0.2444444444444446,"0,1,8",True,0,0.961178,9,9,ELVGYGQKF,6,0,1,EFVGYGQKF,6.40200117090717,9,9,>seq_34,0.0952,EFVGYGQKF,0.0,0.0810787161109379,ELVGYGQKF,0.014121283889062
ELVGYGQKFF,HLA-A2601,0.0952,0,0.6418,0.6418,0.0509984999999999,0.051,0.041,0.06,-0.2177777777777777,0.4344444444444443,-0.4788888888888889,75.55555555555556,0.4688888888888887,ELVGYGQKF,EFVGYGQKF,-0.2444444444444446,"0,1,8",True,0,0.961178,9,9,ELVGYGQKF,6,0,1,EFVGYGQKF,6.40200117090717,10,9,>seq_35,0.5715,EFVGYGQKFF,5.9857727348103e-05,0.0810787161109379,ELVGYGQKF,0.014121283889062
EMLFSHGLVK,HLA-A0301,0.0114,1,0.0165,0.0165,32.512,32.512,5.43,0.3933333333333334,-0.0766666666666666,0.1844444444444444,-0.288888888888889,118.88888888888889,-0.7266666666666667,MLFSHGLVK,MLFSRGLVK,0.911111111111111,"0,1,8",False,0,0.908507,9,9,MLFSHGLVK,2,1,4,MLFSRGLVK,9.702001779340208,10,9,>seq_36,0.6722,EMLFSRGLVK,0.999999547320041,0.0035236363636363,MLFSHGLVK,0.0078763636363636
ESDKEELVGY,HLA-A0101,0.0137,0,0.0305,0.0305,0.0509984999999999,0.051,0.005,-0.4,-0.175,0.4639999999999999,-0.1649999999999999,68.0,2.833999999999999,ESDKEELVY,ESDKEEFVY,-1.24,"1,2,9",False,0,0.953997,10,10,ESDKEELVGY,6,0,6,ESDKEEFVGY,3.778238969389349,10,10,>seq_37,0.0137,ESDKEEFVGY,0.0,0.0075462295081967,ESDKEELVGY,0.0061537704918032
ESDQPDLSSF,HLA-A0101,0.3712,0,0.399,0.399,0.260996,0.261,0.228,-0.335,-0.293,-0.259,0.38,39.0,3.2090000000000005,ESDQPDLSF,ESDQPDLSF,-1.14,"1,2,9",False,1,0.975293,10,10,ESDQPDLSSF,2,0,8,ESDQPDLSNF,3.3800301984883845,10,10,>seq_38,0.3712,ESDQPDLSNF,0.0,0.0258630576441103,ESDQPDLSSF,0.3453369423558897
ESFFWLEEM,HLA-A2601,0.2892,0,0.1229,0.1229,10.9914,10.991,5.99,0.3,0.4144444444444444,-0.2622222222222222,-0.2644444444444444,43.33333333333333,0.9188888888888886,ESFFWLEEM,ESFSWLEEM,-0.0999999999999999,"0,1,8",False,-2,0.901152,9,9,ESFFWLEEM,2,0,3,ESFSWLEEM,3.4727998333983123,9,9,>seq_39,0.2892,ESFSWLEEM,0.0,0.3913259560618389,ESFFWLEEM,0.680525956061839
ESVINQGPM,HLA-A2601,1.4224,0,8.0279,16.9346,0.000999989,0.001,0.001,-0.0822222222222222,-0.4144444444444444,0.151111111111111,0.0333333333333333,75.55555555555556,1.1266666666666665,ESVINQGPM,GSVINQGPM,-0.3,"0,1,8",True,-2,0.972385,9,9,ESVINQGPM,2,0,0,GSVINQGPM,3.849983240943402,9,9,>seq_40,1.4224,GSVINQGPM,0.0,1.3029273369314895,ESVINQGPM,0.1194726630685106
ESVTSCEAY,HLA-A2601,0.2321,0,1.4057,1.4057,0.0909992999999999,0.091,0.091,-0.26,-0.3666666666666667,-0.3,-0.0633333333333333,43.33333333333333,1.7777777777777777,ESVTSCEAY,EPVTSCEAY,-0.2333333333333332,"0,1,8",True,-1,0.950924,9,9,ESVTSCEAY,4,0,1,EPVTSCEAY,3.613682009745389,9,9,>seq_41,0.2321,EPVTSCEAY,0.0,0.1937771644020772,ESVTSCEAY,0.0383228355979227
ETADTKVHF,HLA-A2601,0.0071,0,0.535,0.535,0.0509984999999999,0.051,0.026,-0.2422222222222222,-0.1,0.0788888888888888,0.1588888888888889,43.33333333333333,2.45,ETADTKVHF,GTADTKVHF,-0.7444444444444445,"0,1,8",True,-2,0.972964,9,9,ETADTKVHF,2,0,0,GTADTKVHF,5.454297225456685,9,9,>seq_42,0.0071,GTADTKVHF,0.0,0.0070057757009345,ETADTKVHF,9.422429906542056e-05
ETCTAGASSL,HLA-A2601,2.0689,0,3.0686,3.0686,12.2814,12.281,6.141,-0.1559999999999999,-0.857,-0.075,-0.209,59.00000000000001,0.7989999999999998,ETTAGASSL,ETTAGAGSL,0.2999999999999999,"0,1,9",False,0,0.962906,10,10,ETCTAGASSL,2,0,7,ETCTAGAGSL,3.849962144624442,10,10,>seq_43,2.0689,ETCTAGAGSL,0.999999547320041,0.6740139900932021,ETCTAGASSL,1.394886009906798
ETLSPTPSY,HLA-A2601,0.0043,0,0.0025,0.0025,4.14106,4.141,2.762,-0.0877777777777777,-0.29,-0.3566666666666667,0.7777777777777778,43.33333333333333,1.5522222222222222,ETLSPTPSY,ETPSPTPSY,-0.8,"0,1,8",False,-3,0.921578,9,9,ETLSPTPSY,4,0,2,ETPSPTPSY,3.8499827128835022,9,9,>seq_44,0.0043,ETPSPTPSY,0.0,0.003096,ETLSPTPSY,0.007396
ETWRETGIF,HLA-A2601,0.194,0,13.4745,13.4745,0.210998,0.211,0.211,-0.0466666666666666,0.0844444444444444,0.1166666666666666,-0.0966666666666666,43.33333333333333,2.501111111111111,ETWRETGIF,ETWRETGIS,-0.766666666666667,"0,1,8",True,-2,0.970474,9,9,ETWRETGIF,2,0,8,ETWRETGIS,4.258147492539138,9,9,>seq_45,0.194,ETWRETGIS,0.0,0.1912068722401573,ETWRETGIF,0.0027931277598426
ETWRETGIFF,HLA-A2601,0.194,0,0.0947,13.4745,0.210998,0.211,0.211,-0.0466666666666666,0.0844444444444444,0.1166666666666666,-0.0966666666666666,43.33333333333333,2.501111111111111,ETWRETGIF,ETWRETGIS,-0.766666666666667,"0,1,8",True,-2,0.970474,9,9,ETWRETGIF,2,0,8,ETWRETGIS,4.258147492539138,10,9,>seq_46,0.2195,ETWRETGISF,0.0,0.1912068722401573,ETWRETGIF,0.0027931277598426
EVLVEYSFF,HLA-A2601,0.1993,0,0.3745,0.3745,6.96103,6.961,4.643,0.3888888888888889,0.2488888888888888,-0.3155555555555555,-0.1611111111111111,107.77777777777776,-0.2000000000000002,EVLVEYSFF,EVLVEYPFF,0.9666666666666666,"0,1,8",False,-1,0.92891,9,9,EVLVEYSFF,4,0,6,EVLVEYPFF,3.613691097591072,9,9,>seq_47,0.1993,EVLVEYPFF,4.52679959335127e-07,0.0932372763684913,EVLVEYSFF,0.1060627236315086
EVSDGFTAV,HLA-A2601,0.1027,0,0.1261,0.1261,49.3815,49.382,24.691,-0.0388888888888888,-0.5877777777777777,0.0077777777777777,-0.1111111111111111,75.55555555555556,0.8544444444444445,EVSDGFTAV,EVPDGFTAV,0.4555555555555556,"0,1,8",False,-1,0.925867,9,9,EVSDGFTAV,4,0,2,EVPDGFTAV,3.5500735570676625,9,9,>seq_49,0.1027,EVPDGFTAV,0.0,0.0190577319587628,EVSDGFTAV,0.0836422680412371
EVSDGFTAVM,HLA-A2601,0.0699,0,0.0893,0.0893,49.3815,49.382,24.691,0.066,-0.486,-0.079,-0.1679999999999999,68.0,0.534,EVSDGFTAM,EVPDGFTAM,0.6,"0,1,9",False,-1,0.941293,10,10,EVSDGFTAVM,4,0,2,EVPDGFTAVM,3.5500735570676625,10,10,>seq_50,0.0699,EVPDGFTAVM,0.0,0.0151854423292273,EVSDGFTAVM,0.0547145576707726
EVYFGPCSLY,HLA-A2601,0.0097,0,0.02,0.02,1.09104,1.091,0.363,0.3209999999999999,-0.107,-0.293,0.0269999999999999,68.0,-0.367,EVYFGPSLY,EVYFGPSPY,0.44,"0,1,9",False,-3,0.941215,10,10,EVYFGPCSLY,4,0,8,EVYFGPCSPY,3.849961081985384,10,10,>seq_51,0.0097,EVYFGPCSPY,5.89524745824429e-05,0.0049955,EVYFGPCSLY,0.0047045
FAHFHSGEM,HLA-A2601,1.1294,0,1.5026,1.5026,0.000999989,0.001,0.001,0.1433333333333333,-0.2066666666666666,0.1088888888888888,-0.1633333333333333,11.11111111111111,0.9411111111111112,FAHFHSGEM,FAHFHSGGM,-0.2000000000000001,"0,1,8",False,-2,0.940958,9,9,FAHFHSGEM,2,0,7,FAHFHSGGM,6.497749819885939,9,9,>seq_52,1.1294,FAHFHSGGM,0.0,0.2805085052575535,FAHFHSGEM,0.8488914947424463
FGYEHWALY,HLA-A0101,0.6785,0,1.0858,1.0858,75.4788,75.479,75.479,0.4377777777777777,0.2155555555555555,0.0033333333333333,-0.4288888888888889,54.44444444444444,-0.1366666666666667,FGYEHWALY,LGYEHWALY,-0.2444444444444445,"1,2,8",False,0,0.978455,9,9,FGYEHWALY,6,0,0,LGYEHWALY,5.363384399097413,9,9,>seq_53,0.6785,LGYEHWALY,0.0,0.2545156106096887,FGYEHWALY,0.4239843893903112
FGYEHWALY,HLA-A2601,0.4043,0,1.3482,1.3482,75.4788,75.479,75.479,0.4377777777777777,0.2155555555555555,0.0033333333333333,-0.4288888888888889,54.44444444444444,-0.1366666666666667,FGYEHWALY,LGYEHWALY,-0.2444444444444445,"0,1,8",True,0,0.978455,9,9,FGYEHWALY,6,0,0,LGYEHWALY,5.363384399097413,9,9,>seq_54,0.4043,LGYEHWALY,0.0,0.2830579810117193,FGYEHWALY,0.1212420189882806
FLEIYTVTVV,HLA-A0201,0.1075,0,0.0823,0.0823,0.000999989,0.001,0.001,0.4911111111111111,0.1611111111111111,-0.3911111111111112,-0.0811111111111111,151.11111111111111,-0.9788888888888893,FLEIYTVTV,FLGIYTVTV,1.477777777777778,"1,3,8",False,-2,0.927181,9,9,FLEIYTVTV,2,0,2,FLGIYTVTV,3.8499827128835022,10,9,>seq_55,2.0955,FLGIYTVTVV,0.0,0.0329161603888213,FLEIYTVTV,0.1404161603888213
FLFINTSSY,HLA-A2601,0.1914,0,0.2263,0.2263,5.0711,5.071,3.803,0.4011111111111111,0.0766666666666666,-0.56,-0.2066666666666666,86.66666666666666,0.0388888888888885,FLFINTSSY,SLFINTSSY,0.7555555555555553,"0,1,8",True,-2,0.974322,9,9,FLFINTSSY,2,0,0,SLFINTSSY,6.093198032584041,9,9,>seq_56,0.1914,SLFINTSSY,0.0,0.0295177198409191,FLFINTSSY,0.1618822801590808
FLLGKTSSV,HLA-A0201,0.0064,0,0.0239,0.0239,10.2018,10.202,6.748,0.2166666666666666,-0.3455555555555556,0.0177777777777777,-0.2299999999999999,118.88888888888889,-0.3200000000000002,FLLGKTSSV,FLQGKTSSV,0.8888888888888888,"1,3,8",False,-2,0.935932,9,9,FLLGKTSSV,2,0,2,FLQGKTSSV,9.700002531521022,9,9,>seq_57,0.0064,FLQGKTSSV,0.0,0.0046861924686192,FLLGKTSSV,0.0017138075313807
FLLGKTSSVV,HLA-A0201,0.0064,0,0.0239,0.0239,10.2018,10.202,6.748,0.2166666666666666,-0.3455555555555556,0.0177777777777777,-0.2299999999999999,118.88888888888889,-0.3200000000000002,FLLGKTSSV,FLQGKTSSV,0.8888888888888888,"1,3,8",False,-2,0.935932,9,9,FLLGKTSSV,2,0,2,FLQGKTSSV,9.700002531521022,10,9,>seq_58,0.2775,FLQGKTSSVV,0.0,0.0046861924686192,FLLGKTSSV,0.0017138075313807
FLQKYTVKL,HLA-A0201,0.0178,0,0.0026,0.0026,18.7615,18.762,14.072,0.2188888888888889,0.4122222222222221,-0.0111111111111111,-0.1944444444444444,118.88888888888889,0.2766666666666666,FLQKYTVKL,FLQEYTVKL,0.1444444444444443,"1,3,8",True,1,0.949231,9,9,FLQKYTVKL,2,0,3,FLQEYTVKL,10.24760792311281,9,9,>seq_59,0.0178,FLQEYTVKL,0.0,0.1040615384615384,FLQKYTVKL,0.1218615384615384
FSDKKVGTY,HLA-A0101,0.0043,0,0.0102,0.0102,4.31093,4.311,2.052,-0.2011111111111111,-0.1444444444444445,0.1488888888888887,-0.0855555555555555,32.22222222222222,1.9966666666666664,FSDKKVGTY,LSDKKVGTY,-0.8333333333333334,"1,2,8",False,0,0.98238,9,9,FSDKKVGTY,6,0,0,LSDKKVGTY,9.256043354980648,9,9,>seq_60,0.0043,LSDKKVGTY,0.0,0.0024872549019607,FSDKKVGTY,0.0018127450980392
FSDKKVGTYV,HLA-A0101,0.0043,0,0.0102,0.0102,4.31093,4.311,2.052,-0.2011111111111111,-0.1444444444444445,0.1488888888888887,-0.0855555555555555,32.22222222222222,1.9966666666666664,FSDKKVGTY,LSDKKVGTY,-0.8333333333333334,"1,2,8",False,0,0.98238,9,9,FSDKKVGTY,6,0,0,LSDKKVGTY,9.256043354980648,10,9,>seq_61,0.4478,LSDKKVGTYV,0.0,0.0024872549019607,FSDKKVGTY,0.0018127450980392
FSDYERAEW,HLA-A0101,0.4756,0,0.6281,0.6281,30.211,30.211,20.151,-0.2077777777777777,0.2811111111111111,-0.0477777777777778,-0.0566666666666666,11.11111111111111,3.742222222222223,FSDYERAEW,SSDYERAEW,-1.488888888888889,"1,2,8",False,-2,0.972598,9,9,FSDYERAEW,2,0,0,SSDYERAEW,3.927550357300788,9,9,>seq_62,0.4756,SSDYERAEW,0.0,0.1154736506925648,FSDYERAEW,0.3601263493074351
FSDYYDLSY,HLA-A0101,0.0021,0,0.0047,0.0047,0.000999989,0.001,0.001,0.1188888888888889,0.2077777777777777,-0.5944444444444446,-0.1155555555555555,43.33333333333333,1.862222222222223,FSDYYDLSY,FSDYYDLGY,-0.6555555555555554,"1,2,8",False,0,0.957721,9,9,FSDYYDLSY,2,0,7,FSDYYDLGY,3.4918810040690005,9,9,>seq_63,0.0021,FSDYYDLGY,0.5,0.0011617021276595,FSDYYDLSY,0.0009382978723404
FSFSLDFLV,HLA-A0201,1.1315,0,0.5869,0.5869,0.201005,0.201,0.201,0.6166666666666667,0.0977777777777777,-0.5911111111111111,-0.1211111111111111,118.88888888888889,-0.8111111111111111,FSFSLDFLV,FSFPLDFLV,1.6777777777777776,"1,3,8",True,-1,0.918608,9,9,FSFSLDFLV,4,0,3,FSFPLDFLV,3.749987360555679,9,9,>seq_64,1.1315,FSFPLDFLV,0.0,1.049948713579826,FSFSLDFLV,2.181448713579826
FSLRACYHMK,HLA-A1101,1.6442,0,2.1422,2.1422,0.0109996,0.011,0.003,-0.0477777777777777,0.1544444444444444,0.0255555555555555,-0.0855555555555555,54.44444444444444,2.0344444444444445,SLRACYHMK,SLRARYHMK,-0.4111111111111111,"0,1,8",False,-3,0.860887,9,9,SLRACYHMK,2,1,4,SLRARYHMK,9.449118782766163,10,9,>seq_65,2.6885,FSLRARYHMK,0.0,0.3822292969844084,SLRACYHMK,1.2619707030155916
FSQESPLDTF,HLA-A0101,0.9208,0,2.8487,2.8487,0.000999989,0.001,0.001,-0.0349999999999999,-0.104,-0.41,0.3319999999999999,39.0,1.956,FSESPLDTF,FPQESPLTF,-0.5000000000000001,"1,2,9",True,-1,0.961507,10,10,FSQESPLDTF,4,0,1,FPQESPLDTF,3.5500735570676625,10,10,>seq_66,0.9208,FPQESPLDTF,0.0,0.6231650647663847,FSQESPLDTF,0.2976349352336153
FSSYYEPWGY,HLA-A0101,0.1603,0,0.5314,0.5314,23.2813,23.281,15.535,0.0922222222222222,0.0144444444444444,-0.2711111111111111,0.0055555555555555,0.0,1.1955555555555557,SSYYEPWGY,PSYYEPWGY,-1.3222222222222222,"1,2,8",False,-1,0.97206,9,9,SSYYEPWGY,4,1,0,PSYYEPWGY,3.8499816502444446,10,9,>seq_67,0.3599,FPSYYEPWGY,2.0491933110931699e-13,0.1119445427173504,SSYYEPWGY,0.0483554572826496
FTGTISVMY,HLA-A0101,0.0646,0,0.0513,0.0513,7.98117,7.981,5.986,0.4022222222222222,-0.2344444444444443,-0.4177777777777778,-0.2233333333333333,75.55555555555556,-0.7277777777777779,FTGTISVMY,FTGTIPVMY,1.0555555555555556,"1,2,8",False,-1,0.922451,9,9,FTGTISVMY,4,0,5,FTGTIPVMY,6.093198032584041,9,9,>seq_68,0.0646,FTGTIPVMY,2.0491933110931699e-13,0.0167481481481481,FTGTISVMY,0.0813481481481481
FTGTISVMY,HLA-A2601,0.1945,0,0.1865,0.1865,7.98117,7.981,5.986,0.4022222222222222,-0.2344444444444443,-0.4177777777777778,-0.2233333333333333,75.55555555555556,-0.7277777777777779,FTGTISVMY,FTGTIPVMY,1.0555555555555556,"0,1,8",False,-1,0.922451,9,9,FTGTISVMY,4,0,5,FTGTIPVMY,6.093198032584041,9,9,>seq_69,0.1945,FTGTIPVMY,2.0491933110931699e-13,0.008343163538874,FTGTISVMY,0.202843163538874
FTMVILYVVY,HLA-A0101,2.7469,0,1.2396,1.2396,0.0410009,0.041,0.027,0.8320000000000001,0.3329999999999999,-0.5700000000000001,-0.237,165.0,-2.444,FTMVILVVY,FTMVISYVY,2.2299999999999995,"1,2,9",False,-2,0.941571,10,10,FTMVILYVVY,2,0,5,FTMVISYVVY,6.086602629628032,10,10,>seq_70,2.7469,FTMVISYVVY,0.0,3.340111624717651,FTMVILYVVY,6.087011624717651
FTMVILYVVY,HLA-A2601,2.442,0,1.1273,1.1273,0.0410009,0.041,0.027,0.8925000000000001,0.365,-0.4475,-0.32,206.25,-3.00375,MVI-LYVVY,MVISYVV-Y,2.5250000000000004,"0,1,7",False,-2,0.922362,8,8,MVILYVVY,2,2,3,MVISYVVY,6.086602629628032,10,8,>seq_71,2.6554,FTMVISYVVY,0.0,2.847952985008428,MVI-LYVVY,5.289952985008428
FTNFWGLLI,HLA-A0101,2.3477,0,0.3695,0.3695,0.0209994999999999,0.021,0.015,0.7777777777777778,0.1311111111111111,-0.1911111111111111,-0.4855555555555556,129.99999999999997,-1.6422222222222222,FTNFWGLLI,FTDFWGLLI,1.3555555555555554,"1,2,8",True,1,0.941762,9,9,FTNFWGLLI,2,0,2,FTDFWGLLI,6.099999998230487,9,9,>seq_72,2.3477,FTDFWGLLI,4.19919322623072e-26,12.568931366711777,FTNFWGLLI,14.916631366711774
FVASRTRPDY,HLA-A0101,1.4281,0,1.5081,1.5081,1.58096,1.581,0.7020000000000001,-0.184,0.056,-0.1159999999999999,0.5050000000000001,39.0,3.584,FVASRTPDY,SVASRTPDY,-0.8100000000000002,"1,2,9",False,-2,0.982324,10,10,FVASRTRPDY,2,0,0,SVASRTRPDY,9.347625291906295,10,10,>seq_73,1.4281,SVASRTRPDY,3.47580404973379e-09,0.0757562495855713,FVASRTRPDY,1.352343750414429
FVDENVDRM,HLA-A0101,0.3698,0,0.4122,0.4122,9.30169,9.302,2.33,-0.21,0.1333333333333333,0.0366666666666666,0.0255555555555555,64.44444444444444,3.6,FVDENVDRM,FVDENLDRM,-0.6000000000000001,"1,2,8",False,1,0.959766,9,9,FVDENVDRM,6,0,5,FVDENLDRM,3.876012108754367,9,9,>seq_74,0.3698,FVDENLDRM,0.0,0.0380386220281416,FVDENVDRM,0.3317613779718583
GLDGYREYSL,HLA-A0201,0.8164,0,1.1305,1.1305,0.000999989,0.001,0.001,-0.0929999999999999,-0.234,0.3859999999999999,-0.344,78.0,2.241,GLDGYEYSL,GLDGYGYSL,-0.8100000000000002,"0,1,2,4,9",False,-2,0.91715,10,10,GLDGYREYSL,2,0,6,GLDGYRGYSL,4.184406020212919,10,10,>seq_75,0.8164,GLDGYRGYSL,0.0,0.2268299336576736,GLDGYREYSL,0.5895700663423264
GLFGDIYLA,HLA-A0201,0.0523,1,2.8567,2.8567,87.8214,87.821,60.421,0.5244444444444445,-0.43,0.2355555555555555,-0.5211111111111111,141.1111111111111,-1.3966666666666665,GLFGDIYLA,GSFGDIYLA,1.2333333333333334,"1,3,8",True,-2,0.946627,9,9,GLFGDIYLA,2,0,1,GSFGDIYLA,3.7499869628809392,9,9,>seq_76,0.0523,GSFGDIYLA,0.0,0.0513425000875135,GLFGDIYLA,0.0009574999124864
GLFGDIYLAI,HLA-A0201,0.0523,1,2.8567,2.8567,87.8214,87.821,60.421,0.5244444444444445,-0.43,0.2355555555555555,-0.5211111111111111,141.1111111111111,-1.3966666666666665,GLFGDIYLA,GSFGDIYLA,1.2333333333333334,"1,3,8",True,-2,0.946627,9,9,GLFGDIYLA,2,0,1,GSFGDIYLA,3.7499869628809392,10,9,>seq_77,0.3693,GSFGDIYLAI,0.0,0.0513425000875135,GLFGDIYLA,0.0009574999124864
GLNETIAKL,HLA-A0201,0.0259,0,0.0156,0.0156,0.604985,0.605,0.604,0.0288888888888889,-0.3422222222222222,0.5388888888888889,-0.3833333333333333,141.1111111111111,0.4511111111111112,GLNETIAKL,GLDETIAKL,0.2111111111111111,"1,3,8",False,1,0.951584,9,9,GLNETIAKL,2,0,2,GLDETIAKL,6.408795645926148,9,9,>seq_79,0.0259,GLDETIAKL,0.0,0.017100641025641,GLNETIAKL,0.043000641025641
GLPFMCHAEV,HLA-A0201,3.7468,0,5.4749,5.4749,0.770999,0.771,0.514,0.3390000000000001,-0.289,0.0059999999999999,0.0689999999999999,78.0,-0.6849999999999999,GLFMCHAEV,GLFMCHAGV,0.8300000000000001,"0,1,2,4,9",False,-2,0.950937,10,10,GLPFMCHAEV,2,0,8,GLPFMCHAGV,5.36107725976035,10,10,>seq_80,3.7468,GLPFMCHAGV,0.833333333333333,1.1826417066978392,GLPFMCHAEV,2.5641582933021607
GMDGAYLNGY,HLA-A0101,0.3266,0,0.5537,0.5537,6.52188,6.522,6.522,0.1,-0.6890000000000001,0.4449999999999999,-0.708,49.0,0.3740000000000001,GMDGAYLNY,GMDVALNGY,-0.3299999999999999,"1,2,9",False,-3,0.916579,10,10,GMDGAYLNGY,4,0,3,GMDVAYLNGY,3.7499865652062,10,10,>seq_81,0.3266,GMDVAYLNGY,0.0,0.1339549575582445,GMDGAYLNGY,0.1926450424417554
GSYECHVGIY,HLA-A0101,0.8339,0,3.9957,3.9957,1.04102,1.041,1.041,0.075,-0.385,0.1289999999999999,-0.329,68.0,0.303,GSECHVGIY,GPYEHVGIY,0.03,"1,2,9",True,-1,0.953662,10,10,GSYECHVGIY,4,0,1,GPYECHVGIY,5.3609558255411685,10,10,>seq_82,0.8339,GPYECHVGIY,0.0,0.6598656105313212,GSYECHVGIY,0.1740343894686788
GTFFVLAYY,HLA-A0101,0.6732,0,0.2965,0.2965,0.0810019,0.081,0.057,0.6655555555555556,-0.0088888888888888,-0.3511111111111111,-0.3911111111111111,86.66666666666666,-1.6466666666666667,GTFFVLAYY,GTFSVLAYY,1.2999999999999998,"1,2,8",False,-2,0.918109,9,9,GTFFVLAYY,2,0,3,GTFSVLAYY,6.086602629628032,9,9,>seq_84,0.6732,GTFSVLAYY,5.89524745824429e-05,0.8552932209106241,GTFFVLAYY,1.528493220910624
GTFFVLAYY,HLA-A2601,0.2519,0,0.0793,0.0793,0.0810019,0.081,0.057,0.6655555555555556,-0.0088888888888888,-0.3511111111111111,-0.3911111111111111,86.66666666666666,-1.6466666666666667,GTFFVLAYY,GTFSVLAYY,1.2999999999999998,"0,1,8",False,-2,0.918109,9,9,GTFFVLAYY,2,0,3,GTFSVLAYY,6.086602629628032,9,9,>seq_83,0.2519,GTFSVLAYY,5.89524745824429e-05,0.548271626733922,GTFFVLAYY,0.800171626733922
GVYPMPGTQK,HLA-A0301,0.0048,1,0.0373,0.0373,28.6706,28.671,17.919,-0.0049999999999999,-0.4499999999999999,0.2219999999999999,0.3319999999999999,29.0,0.5529999999999999,GVYPPGTQK,GVSPPGTQK,-0.7300000000000001,"0,1,9",False,-2,0.934225,10,10,GVYPMPGTQK,2,0,2,GVSPMPGTQK,9.298300650902092,10,10,>seq_85,0.0048,GVSPMPGTQK,9.05359508832148e-07,0.0041823056300268,GVYPMPGTQK,0.0006176943699731
HINTVMEVK,HLA-A1101,0.3635,0,7.8365,7.8365,16.0411,16.041,3.208,-0.0344444444444444,0.0711111111111111,0.2122222222222222,-0.0533333333333333,107.77777777777776,1.208888888888889,HINTVMEVK,HKNTVMEVK,-4.9343245538895844e-17,"0,1,8",True,-3,0.947754,9,9,HINTVMEVK,1,0,1,HKNTVMEVK,7.549726882018149,9,9,>seq_86,0.3635,HKNTVMEVK,0.0,0.3466388693932239,HINTVMEVK,0.0168611306067759
HLEKLCHGLY,HLA-A0101,0.3402,0,1.814,1.814,0.210998,0.211,0.042,0.146,0.0699999999999999,0.408,-0.246,117.0,0.4839999999999999,HLEKLHGLY,HLGKLHGLY,-0.1600000000000001,"1,2,9",True,-2,0.929317,10,10,HLEKLCHGLY,2,0,2,HLGKLCHGLY,7.520168579183519,10,10,>seq_87,0.3402,HLGKLCHGLY,5.89524745840161e-05,0.276398434399118,HLEKLCHGLY,0.063801565600882
HLFCVFYGL,HLA-A0201,1.136,0,0.8695,0.8695,3.44093,3.441,3.441,0.7422222222222223,0.1022222222222222,-0.2633333333333334,-0.3411111111111111,118.88888888888889,-1.9177777777777776,HLFCVFYGL,RLFCVFYGL,1.6666666666666667,"1,3,8",False,0,0.970303,9,9,HLFCVFYGL,2,0,0,RLFCVFYGL,7.355498301796615,9,9,>seq_88,1.136,RLFCVFYGL,0.0,0.3481817136285219,HLFCVFYGL,1.4841817136285218
HLGVFSSYY,HLA-A0101,0.4683,0,0.3895,0.3895,23.2813,23.281,15.535,0.3211111111111111,-0.1011111111111111,-0.1944444444444445,-0.2622222222222222,75.55555555555556,-0.1266666666666666,HLGVFSSYY,HLGVFPSYY,0.3333333333333333,"1,2,8",False,-1,0.91517,9,9,HLGVFSSYY,4,0,5,HLGVFPSYY,7.534655152820051,9,9,>seq_89,0.4683,HLGVFPSYY,0.0,0.0947420795892169,HLGVFSSYY,0.5630420795892169
HLMDGDLGLI,HLA-A0201,0.0345,0,0.078,0.078,90.134,90.134,40.019,0.2177777777777778,-0.4666666666666667,0.4877777777777776,-0.3833333333333333,129.99999999999997,0.3455555555555559,HLMDGDLGL,NLMDGDLGL,0.2555555555555555,"1,3,8",False,1,0.973966,9,9,HLMDGDLGL,2,0,0,NLMDGDLGL,4.106574652250856,10,9,>seq_90,0.5155,NLMDGDLGLI,0.0,0.0192403846153846,HLMDGDLGL,0.0152596153846153
HLSHQAHRY,HLA-A0101,0.2052,0,0.5747,0.5747,6.81116,6.811,4.087,-0.2522222222222222,0.1822222222222221,0.3033333333333334,0.0955555555555555,54.44444444444444,3.4722222222222223,HLSHQAHRY,HPSHQAHRY,-1.5666666666666669,"1,2,8",True,-3,0.934691,9,9,HLSHQAHRY,4,0,1,HPSHQAHRY,9.355860744602978,9,9,>seq_91,0.2052,HPSHQAHRY,0.0,0.1319321385070471,HLSHQAHRY,0.0732678614929528
HMIVISIAY,HLA-A2601,0.5007,0,0.4908,0.4908,0.000999989,0.001,0.001,0.5822222222222223,0.0311111111111111,-0.21,-0.1488888888888889,173.33333333333331,-1.64,HMIVISIAY,HMIVVSIAY,1.7888888888888888,"0,1,8",False,3,0.984634,9,9,HMIVISIAY,3,0,4,HMIVVSIAY,7.542349207215011,9,9,>seq_92,0.5007,HMIVVSIAY,0.0,0.0100996943765281,HMIVISIAY,0.5107996943765282
HMSSYIASF,HLA-A2601,0.5217,0,2.3969,2.3969,0.000999989,0.001,0.001,0.2355555555555555,-0.1477777777777777,-0.4377777777777777,-0.1144444444444444,54.44444444444444,0.3266666666666665,HMSSYIASF,HMSSYIASL,0.4555555555555555,"0,1,8",True,0,0.983966,9,9,HMSSYIASF,6,0,8,HMSSYIASL,7.542349207215011,9,9,>seq_93,0.5217,HMSSYIASL,0.0,0.408148792189912,HMSSYIASF,0.113551207810088
HSEYSSFFY,HLA-A0101,0.0098,0,0.8325,0.8325,10.1711,10.171,5.086,0.0711111111111111,0.1688888888888888,-0.5177777777777778,-0.0488888888888889,0.0,1.7766666666666666,HSEYSSFFY,HSEYSSFFH,-0.6777777777777778,"1,2,8",True,2,0.978731,9,9,HSEYSSFFY,2,0,8,HSEYSSFFH,5.363384399097413,9,9,>seq_95,0.0098,HSEYSSFFH,0.0,0.0096846366366366,HSEYSSFFY,0.0001153633633633
HTAKDSFECK,HLA-A1101,0.4496,0,0.2368,0.2368,12.2814,12.281,12.281,-0.426,-0.101,0.1119999999999999,0.112,10.0,3.119,HTAKDSFEK,HTADPFECK,-1.24,"0,1,9",False,-1,0.919458,10,10,HTAKDSFECK,4,0,5,HTAKDPFECK,7.359368198551238,10,10,>seq_96,0.4496,HTAKDPFECK,0.0,0.4040324324324323,HTAKDSFECK,0.8536324324324325
HTIPQAYWTK,HLA-A1101,0.0878,0,0.0694,0.0694,0.610981,0.611,0.535,0.0509999999999999,0.1559999999999999,-0.118,0.2730000000000001,49.0,1.1969999999999998,HTIPQAYTK,HTIPQAHTK,-0.95,"0,1,9",False,2,0.930134,10,10,HTIPQAYWTK,2,0,6,HTIPQAHWTK,9.300695891492069,10,10,>seq_97,0.0878,HTIPQAHWTK,0.999999547320044,0.0232783861671469,HTIPQAYWTK,0.1110783861671469
ISANSPYISY,HLA-A0101,0.2051,0,0.4003,0.4356,0.110998,0.111,0.074,-0.0155555555555555,-0.31,-0.3444444444444444,0.16,54.44444444444444,1.1544444444444446,SANSPYISY,SANSPYIPY,-0.4222222222222222,"1,2,8",False,-1,0.946353,9,9,SANSPYISY,4,1,7,SANSPYIPY,6.086602629628032,10,9,>seq_99,0.2173,ISANSPYIPY,0.0,0.1085297291092745,SANSPYISY,0.0965702708907254
ISISSEQTFY,HLA-A0101,0.1494,0,0.4047,0.6375,1.45095,1.451,0.483,0.0179999999999999,-0.075,-0.461,-0.065,78.0,1.2440000000000002,ISSSEQTFY,IISSEQTFY,0.04,"1,2,9",True,-1,0.968455,10,10,ISISSEQTFY,4,0,1,IPISSEQTFY,3.8499827128835022,10,10,>seq_100,0.1494,IPISSEQTFY,0.0,0.1143876705882352,ISISSEQTFY,0.0350123294117647
ISVMYQGNTY,HLA-A0101,0.5578,0,1.4554,1.4554,7.98117,7.981,3.991,-0.0188888888888889,-0.2044444444444444,-0.2122222222222222,-0.4222222222222223,32.22222222222222,1.2333333333333334,SVMYQGNTY,PVMYQGNTY,-0.6,"1,2,8",False,-1,0.973448,9,9,SVMYQGNTY,4,1,0,PVMYQGNTY,6.086602629628032,10,9,>seq_101,0.7332,IPVMYQGNTY,0.5,0.3440162704411158,SVMYQGNTY,0.2137837295588841
ITDVDELPI,HLA-A0101,1.6291,0,2.4164,2.4164,8.13082,8.131,3.61,0.1177777777777777,-0.1088888888888888,-0.0544444444444444,0.4644444444444445,162.2222222222222,0.8911111111111113,ITDVDELPI,ITDVDEPPI,0.4666666666666665,"1,2,8",False,-3,0.909089,9,9,ITDVDELPI,4,0,6,ITDVDEPPI,3.3800301984883845,9,9,>seq_102,1.6291,ITDVDEPPI,0.0,0.5307856439331236,ITDVDELPI,1.0983143560668764
ITDVDELPIF,HLA-A0101,0.6669,0,0.5157,0.5157,8.13082,8.131,3.61,0.258,-0.002,-0.182,0.398,146.00000000000003,0.5040000000000001,ITDDELPIF,ITDDEPPIF,0.7,"1,2,9",False,-3,0.909884,10,10,ITDVDELPIF,4,0,6,ITDVDEPPIF,3.3800301984883845,10,10,>seq_103,0.6669,ITDVDEPPIF,0.0,0.195530890052356,ITDVDELPIF,0.8624308900523561
ITNQMSIDK,HLA-A1101,0.2459,0,22.8333,22.8333,1.7010200000000002,1.701,1.021,-0.1922222222222222,-0.0544444444444444,-0.0466666666666666,-0.1066666666666666,86.66666666666666,2.247777777777778,ITNQMSIDK,ITNQMSIDE,-0.5555555555555556,"0,1,8",True,1,0.984378,9,9,ITNQMSIDK,2,0,8,ITNQMSIDE,6.337367167230696,9,9,>seq_104,0.2459,ITNQMSIDE,0.0,0.243251814674182,ITNQMSIDK,0.0026481853258179
ITSFIIERK,HLA-A1101,0.135,0,0.3687,0.3687,0.0810019,0.081,0.032,0.0555555555555555,0.2533333333333333,0.0666666666666666,0.0988888888888888,129.99999999999997,1.7233333333333336,ITSFIIERK,ITGFIIERK,0.3222222222222222,"0,1,8",False,0,0.94614,9,9,ITSFIIERK,2,0,2,ITGFIIERK,9.6950276857242,9,9,>seq_105,0.135,ITGFIIERK,0.0,0.0855695687550854,ITSFIIERK,0.0494304312449145
ITSSAELLK,HLA-A1101,0.1089,0,0.079,0.079,11.8507,11.851,10.026,0.0122222222222222,-0.2466666666666666,0.0922222222222222,-0.1211111111111111,141.1111111111111,0.5733333333333333,ITSSAELLK,ITSSAELFK,0.4666666666666665,"0,1,8",False,0,0.968561,9,9,ITSSAELLK,6,0,7,ITSSAELFK,6.408795645926148,9,9,>seq_106,0.1089,ITSSAELFK,0.0,0.041216582278481,ITSSAELLK,0.150116582278481
KAERSYYIFY,HLA-A0101,0.6883,0,0.4436,0.4436,0.604985,0.605,0.605,0.0279999999999999,0.4389999999999999,-0.081,-0.128,49.0,2.139,KAESYYIFY,KAESYHIFY,-0.75,"1,2,9",False,2,0.941598,10,10,KAERSYYIFY,2,0,6,KAERSYHIFY,9.048589221201835,10,10,>seq_107,0.6883,KAERSYHIFY,0.0,0.3796821686203787,KAERSYYIFY,1.0679821686203788
KAIANRIKFK,HLA-A1101,0.138,0,0.2147,0.2147,8.9507,8.951,4.476,-0.0488888888888888,0.1255555555555555,0.4844444444444444,-0.1255555555555556,108.88888888888889,1.8022222222222224,AIANRIKFK,AIANRIKSK,-0.0444444444444444,"0,1,8",False,-2,0.945678,9,9,AIANRIKFK,2,1,7,AIANRIKSK,11.823055271990595,10,9,>seq_108,0.886,KAIANRIKSK,0.0,0.049299487657196,AIANRIKFK,0.0887005123428039
KANRNLARK,HLA-A1101,0.5141,0,1.832,1.832,0.0909992999999999,0.091,0.091,-0.6222222222222222,0.0888888888888888,0.9022222222222224,-0.1399999999999999,65.55555555555554,5.075555555555555,KANRNLARK,NANRNLARK,-1.822222222222222,"0,1,8",True,0,0.98,9,9,KANRNLARK,4,0,0,NANRNLARK,12.531747031025589,9,9,>seq_109,0.5141,NANRNLARK,0.0,0.3698320906113537,KANRNLARK,0.1442679093886462
KLLPTNTNI,HLA-A0201,0.0608,0,0.39,0.39,0.000999989,0.001,0.001,0.0422222222222222,-0.0688888888888889,0.1466666666666666,0.1666666666666666,129.99999999999997,1.0233333333333332,KLLPTNTNI,KLLPTNTDI,-0.2,"1,3,8",False,1,0.964613,9,9,KLLPTNTNI,2,0,7,KLLPTNTDI,9.700002531521022,9,9,>seq_111,0.0608,KLLPTNTDI,0.0076778286089567,0.0513214358974358,KLLPTNTNI,0.0094785641025641
KLYFDEKYSI,HLA-A0201,0.1534,0,2.8368,2.8368,0.110998,0.111,0.089,0.003,0.3979999999999999,0.0229999999999999,-0.104,78.0,1.7489999999999994,KLFDEKYSI,ELFDEKYSI,-0.71,"0,1,2,4,9",True,1,0.987793,10,10,KLYFDEKYSI,2,0,0,ELYFDEKYSI,6.479656049516052,10,10,>seq_115,0.1534,ELYFDEKYSI,0.0,0.1451048928369994,KLYFDEKYSI,0.0082951071630005
KMTVVILQK,HLA-A1101,0.1716,0,0.1945,0.1945,14.5415,14.542,7.271,0.1688888888888889,0.1977777777777777,0.0944444444444444,-0.1388888888888889,151.11111111111111,-0.1177777777777778,KMTVVILQK,KMTVVVLQK,0.7333333333333333,"0,1,8",False,3,0.986048,9,9,KMTVVILQK,3,0,5,KMTVVVLQK,10.805379563011227,9,9,>seq_116,0.1716,KMTVVVLQK,4.52679959335127e-07,0.0202038046272493,KMTVVILQK,0.1513961953727506
KSGTFFVLAY,HLA-A0101,1.5674,0,0.7206,0.7206,0.0810019,0.081,0.057,0.354,-0.162,-0.121,-0.276,78.0,-0.6010000000000004,KSGTFVLAY,KSGTFSVLY,0.8299999999999998,"1,2,9",False,-2,0.924146,10,10,KSGTFFVLAY,2,0,5,KSGTFSVLAY,9.298300650902092,10,10,>seq_117,1.5674,KSGTFSVLAY,4.52679959335127e-07,1.841901637524285,KSGTFFVLAY,3.4093016375242846
KSSSIYSIVK,HLA-A1101,0.1265,0,9.848,28.7143,0.000999989,0.001,0.001,0.0066666666666666,-0.22,-0.2722222222222222,-0.0266666666666666,118.88888888888889,0.6011111111111109,SSSIYSIVK,SSSIYSIVN,0.5333333333333332,"0,1,8",True,0,0.981744,9,9,SSSIYSIVK,4,1,8,SSSIYSIVN,9.298300650902092,10,9,>seq_118,0.2913,KSSSIYSIVN,0.0,0.1259427079887025,SSSIYSIVK,0.0005572920112975
KTLTSVFQK,HLA-A1101,0.0043,1,0.0891,0.0891,15.0105,15.011,6.9350000000000005,-0.1122222222222222,0.0622222222222221,-0.0722222222222222,-0.0122222222222222,75.55555555555556,1.471111111111111,KTLTSVFQK,ETLTSVFQK,-0.3,"0,1,8",True,1,0.985654,9,9,KTLTSVFQK,2,0,0,ETLTSVFQK,10.805379563011227,9,9,>seq_120,0.0043,ETLTSVFQK,0.0,0.004092480359147,KTLTSVFQK,0.0002075196408529
KTLTSVFQKK,HLA-A1101,0.0043,1,0.0891,0.0891,15.0105,15.011,6.9350000000000005,-0.1122222222222222,0.0622222222222221,-0.0722222222222222,-0.0122222222222222,75.55555555555556,1.471111111111111,KTLTSVFQK,ETLTSVFQK,-0.3,"0,1,8",True,1,0.985654,9,9,KTLTSVFQK,2,0,0,ETLTSVFQK,10.805379563011227,10,9,>seq_121,0.0541,ETLTSVFQKK,0.0,0.004092480359147,KTLTSVFQK,0.0002075196408529
KTMCECMSFY,HLA-A0101,0.8971,0,0.9432,0.9432,45.8421,45.842,22.921,0.1149999999999999,0.1249999999999999,-0.612,-0.181,0.0,0.8229999999999998,KTMECMSFY,KTMECMSSY,0.14,"1,2,9",False,-2,0.956693,10,10,KTMCECMSFY,2,0,8,KTMCECMSSY,6.133393515367061,10,10,>seq_123,0.8971,KTMCECMSSY,0.0369719832731605,0.0438468087362171,KTMCECMSFY,0.8532531912637829
KTMCECMSFY,HLA-A1101,1.4522,0,1.5092,1.5092,45.8421,45.842,22.921,0.1149999999999999,0.1249999999999999,-0.612,-0.181,0.0,0.8229999999999998,KTMECMSFY,KTMECMSSY,0.14,"0,1,9",False,-2,0.956693,10,10,KTMCECMSFY,2,0,8,KTMCECMSSY,6.133393515367061,10,10,>seq_122,1.4522,KTMCECMSSY,0.0369719832731605,0.0548472038165917,KTMCECMSFY,1.3973527961834082
LGDIYNEKRY,HLA-A0101,0.7906,0,0.8897,0.8897,0.0309996999999999,0.031,0.016,-0.2309999999999999,0.1629999999999999,0.4609999999999999,-0.239,78.0,3.214,LGDIYNERY,LGDIYNEKY,-1.36,"1,2,9",False,-2,0.951912,10,10,LGDIYNEKRY,6,0,8,LGDIYNEKGY,6.4809230216778815,10,10,>seq_124,0.7906,LGDIYNEKGY,0.0,0.0880616612341239,LGDIYNEKRY,0.702538338765876
LLADQNFKFI,HLA-A0201,0.8903,0,1.1688,1.1688,10.581,10.581,10.581,0.291,0.1689999999999999,-0.011,-0.277,127.00000000000004,0.392,LLADQNFFI,LLADQNLFI,0.51,"0,1,2,4,9",False,0,0.949824,10,10,LLADQNFKFI,6,0,6,LLADQNLKFI,6.337367167230696,10,10,>seq_125,0.8903,LLADQNLKFI,0.0,0.212139416495551,LLADQNFKFI,0.678160583504449
LLDLMAYDRY,HLA-A0101,0.1738,0,2.9763,3.0356,0.00599993,0.006,0.006,0.2690000000000001,0.292,-0.0819999999999999,-0.211,127.0,1.3720000000000003,LLDMAYDRY,LLGLMADRY,0.0999999999999999,"1,2,9",True,-1,0.942323,10,10,LLDLMAYDRY,2,0,2,LLGLMAYDRY,4.109249575529248,10,10,>seq_126,0.1738,LLGLMAYDRY,0.0,0.1638492686783502,LLDLMAYDRY,0.0099507313216497
LLGDPGWRV,HLA-A0201,0.0696,0,0.8069,0.8069,0.000999989,0.001,0.001,0.2422222222222222,-0.2877777777777777,0.4522222222222221,0.0166666666666666,118.88888888888889,0.6166666666666668,LLGDPGWRV,LLGDPGRRV,0.0555555555555555,"1,3,8",False,-3,0.873257,9,9,LLGDPGWRV,2,0,6,LLGDPGRRV,6.338718596380204,9,9,>seq_127,0.0696,LLGDPGRRV,0.0,0.063596579501797,LLGDPGWRV,0.0060034204982029
LLQAYRLISV,HLA-A0201,0.6214,0,0.6214,0.6214,0.000999989,0.001,0.001,0.2677777777777778,0.1133333333333333,-0.0422222222222222,-0.2077777777777778,173.33333333333331,0.3766666666666667,LQAYRLISV,LQAYRLISV,0.8888888888888888,"1,3,8",True,4,1.0,9,9,LQAYRLISV,0,1,-1,LQAYRLISV,9.348807885311544,10,9,>seq_128,1.4962,PLQAYRLISV,0.0,0.0,LQAYRLISV,0.6214
LLQCTQQAV,HLA-A0201,1.5961,1,3.6935,3.6935,37.2921,37.292,31.959,0.0655555555555555,-0.1411111111111111,-0.3022222222222223,-0.3088888888888889,129.99999999999997,0.2466666666666666,LLQCTQQAV,LLQCTRQAV,0.5444444444444444,"1,3,8",False,1,0.943685,9,9,LLQCTQQAV,2,0,5,LLQCTRQAV,5.922539790626615,9,9,>seq_129,1.5961,LLQCTRQAV,0.0,0.9063652741302288,LLQCTQQAV,0.6897347258697714
LMDDSLMQIF,HLA-A0101,0.982,0,1.1791,8.0123,4.57097,4.571,1.408,0.36,0.1129999999999999,-0.383,-0.211,117.0,0.3940000000000002,LMDDSLMQF,LMDDSLMQS,0.74,"1,2,9",True,-2,0.981116,10,10,LMDDSLMQIF,2,0,9,LMDDSLMQIS,3.49188149953261,10,10,>seq_130,0.982,LMDDSLMQIS,0.0,0.8616445465097412,LMDDSLMQIF,0.1203554534902587
LSFFTVMAY,HLA-A0101,0.4867,0,0.5914,0.5914,1.66106,1.661,1.329,0.6577777777777778,0.0822222222222222,-0.6344444444444445,-0.2477777777777778,86.66666666666666,-1.4411111111111112,LSFFTVMAY,LSLFTVMAY,1.6111111111111112,"1,2,8",True,0,0.954197,9,9,LSFFTVMAY,6,0,2,LSLFTVMAY,6.093198032584041,9,9,>seq_131,0.4867,LSLFTVMAY,0.0,0.0861641697666554,LSFFTVMAY,0.4005358302333446
LSYNSHYSR,HLA-A1101,0.4731,0,0.3385,0.3385,0.451,0.451,0.451,-0.2577777777777778,0.081111111111111,-0.0888888888888888,-0.0722222222222222,43.33333333333333,3.531111111111111,LSYNSHYSR,LSYNSHYFR,-1.3777777777777775,"0,1,8",False,-2,0.942088,9,9,LSYNSHYSR,2,0,7,LSYNSHYFR,9.17420503590256,9,9,>seq_132,0.4731,LSYNSHYFR,0.0,0.1881218906942393,LSYNSHYSR,0.6612218906942393
LTDTSLTAL,HLA-A0101,0.5943,0,1.6353,1.6353,0.00199998,0.002,0.002,0.1544444444444444,-0.3777777777777778,-0.2644444444444445,-0.0555555555555555,141.1111111111111,0.3622222222222224,LTDTSLTAL,PTDTSLTAL,0.7555555555555554,"1,2,8",False,-3,0.97096,9,9,LTDTSLTAL,4,0,0,PTDTSLTAL,3.749987360555679,9,9,>seq_133,0.5943,PTDTSLTAL,0.0,0.3783197578425977,LTDTSLTAL,0.2159802421574023
LTDTSLTALS,HLA-A0101,0.5943,0,1.6353,1.6353,0.00199998,0.002,0.002,0.1544444444444444,-0.3777777777777778,-0.2644444444444445,-0.0555555555555555,141.1111111111111,0.3622222222222224,LTDTSLTAL,PTDTSLTAL,0.7555555555555554,"1,2,8",False,-3,0.97096,9,9,LTDTSLTAL,4,0,0,PTDTSLTAL,3.749987360555679,10,9,>seq_134,2.8576,PTDTSLTALS,0.0,0.3783197578425977,LTDTSLTAL,0.2159802421574023
LTERANFQY,HLA-A0101,0.0091,0,0.0111,0.0111,39.5608,39.561,32.954,-0.1444444444444444,0.1933333333333332,0.011111111111111,-0.1988888888888889,54.44444444444444,2.99,LTERANFQY,LTERADFQY,-0.9555555555555556,"1,2,8",False,1,0.939729,9,9,LTERANFQY,2,0,5,LTERADFQY,6.403313373681158,9,9,>seq_135,0.0091,LTERADFQY,0.0,0.0016396396396396,LTERANFQY,0.0074603603603603
LTSMAYDCY,HLA-A0101,0.1527,0,0.0762,0.0762,0.0139996,0.014,0.014,0.1955555555555555,-0.0788888888888889,-0.5944444444444446,-0.2166666666666666,54.44444444444444,0.5122222222222222,LTSMAYDCY,LTSMAYDRY,0.2666666666666666,"1,2,8",False,-3,0.914796,9,9,LTSMAYDCY,2,0,7,LTSMAYDRY,3.749970651697368,9,9,>seq_136,0.1527,LTSMAYDRY,5.89524745824429e-05,0.1533011811023622,LTSMAYDCY,0.3060011811023622
LVANFSQIK,HLA-A1101,0.2274,0,20.2,20.2,15.0105,15.011,6.9350000000000005,0.1411111111111111,-0.0511111111111111,0.0255555555555555,-0.27,129.99999999999997,0.2733333333333332,LVANFSQIK,LVANFSQIE,0.6000000000000001,"0,1,8",True,1,0.98401,9,9,LVANFSQIK,2,0,8,LVANFSQIE,9.700002531521022,9,9,>seq_137,0.2274,LVANFSQIE,0.0,0.2248400613861386,LVANFSQIK,0.0025599386138613
LVEQALRFY,HLA-A0101,0.2143,0,4.5692,5.6618,19.8807,19.881,4.97,0.2388888888888889,0.3166666666666666,0.0,-0.2255555555555556,129.99999999999997,0.9711111111111108,LVEQALRFY,LVEQALRFH,0.3999999999999999,"1,2,8",True,2,0.976575,9,9,LVEQALRFY,2,0,8,LVEQALRFH,6.403313373681158,9,9,>seq_138,0.2143,LVEQALRFH,0.0,0.2061887120703663,LVEQALRFY,0.0081112879296336
LVKFPEMFQK,HLA-A1101,0.2755,0,1.3242,1.3242,0.5610109999999999,0.561,0.374,0.1910000000000001,0.372,0.0099999999999999,0.17,68.0,0.6179999999999999,LVFPEMFQK,PVFPEMFQK,-0.09,"0,1,9",True,-3,0.975172,10,10,LVKFPEMFQK,4,0,0,PVKFPEMFQK,9.53730092663318,10,10,>seq_139,0.2755,PVKFPEMFQK,0.0,0.2181821854704727,LVKFPEMFQK,0.0573178145295272
LVVLAPLLY,HLA-A0101,0.5369,0,0.7803,0.7803,94.753,94.753,27.099,0.8822222222222222,0.0466666666666666,-0.1055555555555555,0.0022222222222222,248.88888888888889,-3.27,LVVLAPLLY,PVVLAPLLY,2.5,"1,2,8",False,-3,0.972653,9,9,LVVLAPLLY,4,0,0,PVVLAPLLY,6.093198032584041,9,9,>seq_140,0.5369,PVVLAPLLY,0.0,0.167475919518134,LVVLAPLLY,0.369424080481866
MIFFSIDRY,HLA-A2601,0.1346,0,0.3019,0.3019,0.34099,0.341,0.171,0.4344444444444444,0.4311111111111111,-0.4566666666666667,-0.0399999999999999,86.66666666666666,1.0033333333333334,MIFFSIDRY,MISFSIDRY,0.7111111111111111,"0,1,8",False,-2,0.922813,9,9,MIFFSIDRY,2,0,2,MISFSIDRY,6.3318953779526055,9,9,>seq_141,0.1346,MISFSIDRY,0.0,0.0745895329579331,MIFFSIDRY,0.0600104670420669
MLAVFKLYPT,HLA-A0201,6.4641,0,7.3877,9.4911,0.4609879999999999,0.461,0.461,0.6466666666666667,0.2177777777777777,-0.1588888888888889,0.0599999999999999,129.99999999999997,-1.7033333333333334,MLAVFKLYP,MLAVSKLYP,1.2777777777777777,"1,3,8",False,-2,0.912988,9,9,MLAVFKLYP,2,0,4,MLAVSKLYP,9.298300650902092,10,9,>seq_142,9.4293,MLAVSKLYPT,0.999999999973312,2.061597781079116,MLAVFKLYP,4.402502218920884
MLFLRFCYI,HLA-A0201,1.5567,0,1.6887,1.6887,4.81088,4.811,0.601,0.8177777777777777,0.591111111111111,-0.5322222222222224,-0.2588888888888889,129.99999999999997,-1.0322222222222224,MLFLRFCYI,MLFLRFRYI,1.811111111111111,"1,3,8",False,-3,0.893847,9,9,MLFLRFCYI,2,0,6,MLFLRFRYI,8.527213490568101,9,9,>seq_143,1.5567,MLFLRFRYI,0.0,0.1216820039083319,MLFLRFCYI,1.435017996091668
MLFSHGLVK,HLA-A0301,0.0114,1,0.0165,0.0165,32.512,32.512,5.43,0.3933333333333334,-0.0766666666666666,0.1844444444444444,-0.288888888888889,118.88888888888889,-0.7266666666666667,MLFSHGLVK,MLFSRGLVK,0.911111111111111,"0,1,8",False,0,0.908507,9,9,MLFSHGLVK,2,0,4,MLFSRGLVK,9.702001779340208,9,9,>seq_144,0.0114,MLFSRGLVK,0.999999547320041,0.0035236363636363,MLFSHGLVK,0.0078763636363636
MLNPLIYSFR,HLA-A1101,3.1344,0,3.7258,3.7258,0.0629994,0.063,0.063,0.422,0.288,-0.195,0.0929999999999999,117.0,0.501,MLNPIYSFR,MLNPLISLR,0.5100000000000001,"0,1,9",False,0,0.972342,10,10,MLNPLIYSFR,6,0,8,MLNPLIYSLR,9.348807885311544,10,10,>seq_145,3.1344,MLNPLIYSLR,0.0001178979987861,0.4975264802190134,MLNPLIYSFR,2.6368735197809863
MQANSHYARV,HLA-A0201,7.103,0,4.0633,4.2574,3.11105,3.111,2.333,-0.1839999999999999,-0.092,0.078,-0.181,49.0,2.529,MQANSHYAV,MQANPHYAV,-0.7100000000000001,"0,1,2,4,9",True,-1,0.921666,10,10,MQANSHYARV,4,0,4,MQANPHYARV,9.351184298284352,10,10,>seq_148,7.103,MQANPHYARV,0.0,4.747568187156481,MQANSHYARV,11.85056818715648
MSFSHLFYL,HLA-A0201,0.7086,0,2.0644,2.0644,1.90105,1.901,1.901,0.6233333333333334,0.2744444444444444,-0.5188888888888888,-0.2188888888888889,86.66666666666666,-0.7277777777777777,MSFSHLFYL,MSSSHLFYL,1.0,"1,3,8",False,-2,0.923577,9,9,MSFSHLFYL,2,0,2,MSSSHLFYL,7.542349207215011,9,9,>seq_149,0.7086,MSSSHLFYL,0.0,0.4653748692113931,MSFSHLFYL,0.2432251307886068
MSFYLREQGK,HLA-A1101,1.5801,0,0.2058,2.1777,45.8421,45.842,22.921,-0.1149999999999999,0.144,0.1939999999999999,-0.268,39.0,2.5170000000000003,MSFYLREQK,MSYLREQGK,-0.94,"0,1,9",False,-2,0.940388,10,10,MSFYLREQGK,2,0,2,MSSYLREQGK,9.297359791584311,10,10,>seq_150,1.5801,MSSYLREQGK,0.0,0.433607824769252,MSFYLREQGK,1.146492175230748
MSHNTEMNNY,HLA-A0101,0.376,0,0.0325,0.0325,0.0209994999999999,0.021,0.007,-0.296,-0.023,-0.0079999999999999,-0.311,0.0,3.28,MSNTEMNNY,MSDTEMNNY,-1.6200000000000003,"1,2,9",False,1,0.951958,10,10,MSHNTEMNNY,2,0,3,MSHDTEMNNY,5.363445803988725,10,10,>seq_151,0.376,MSHDTEMNNY,0.0,3.9740307692307697,MSHNTEMNNY,4.350030769230769
MSSYIASFTY,HLA-A0101,0.248,0,0.1459,0.1459,0.000999989,0.001,0.001,0.201111111111111,-0.1677777777777777,-0.6400000000000001,-0.1255555555555555,54.44444444444444,0.371111111111111,SSYIASFTY,SSYIASLTY,0.3777777777777777,"1,2,8",False,0,0.954013,9,9,SSYIASFTY,6,1,6,SSYIASLTY,6.086602629628032,10,9,>seq_152,0.3185,MSSYIASLTY,0.0,0.1735490061686086,SSYIASFTY,0.4215490061686086
MTFLGGNLVK,HLA-A1101,0.147,0,0.2583,0.2583,0.5610109999999999,0.561,0.374,0.311,-0.354,0.3319999999999999,-0.511,107.0,-0.6330000000000001,MTFGGNLVK,MTFGGNPVK,0.76,"0,1,9",False,-3,0.926737,10,10,MTFLGGNLVK,4,0,7,MTFLGGNPVK,9.700002531521022,10,10,>seq_153,0.147,MTFLGGNPVK,0.0,0.0633414634146341,MTFLGGNLVK,0.0836585365853658
MVILYVVYY,HLA-A2601,0.13,0,0.02,0.02,0.0410009,0.041,0.027,0.8611111111111112,0.4544444444444444,-0.5044444444444445,-0.3422222222222222,183.3333333333333,-2.6544444444444446,MVILYVVYY,MVISYVVYY,2.1,"0,1,8",False,-2,0.936184,9,9,MVILYVVYY,2,0,3,MVISYVVYY,6.080201585311443,9,9,>seq_154,0.13,MVISYVVYY,0.0,0.715,MVILYVVYY,0.8450000000000001
MVSSNENCRK,HLA-A1101,1.4458,0,2.3755,8.2802,1.20097,1.201,0.36,-0.6888888888888889,-0.1633333333333333,0.2411111111111111,-0.0688888888888889,32.22222222222222,4.67111111111111,VSSNENCRK,VPSNENCRK,-1.5333333333333332,"0,1,8",True,-1,0.950334,9,9,VSSNENCRK,4,1,1,VPSNENCRK,8.545125282369554,10,9,>seq_155,2.0568,MVPSNENCRK,0.0,1.193349861114466,VSSNENCRK,0.2524501388855341
NSDLSPYLCH,HLA-A0101,0.6527,0,1.4013,1.4013,6.3612,6.361,4.243,-0.0179999999999999,-0.162,-0.219,0.2239999999999999,78.0,1.584,NSDLSPYLH,NSDLSPYCH,-0.4600000000000001,"1,2,9",False,-3,0.914189,10,10,NSDLSPYLCH,4,0,7,NSDLSPYPCH,5.2898178906179965,10,10,>seq_156,0.6527,NSDLSPYPCH,0.0,0.3486842360665096,NSDLSPYLCH,0.3040157639334903
NSGGYPPLCY,HLA-A0101,0.3592,0,0.5413,0.5413,10.431,10.431,1.304,0.114,-0.5459999999999999,0.0279999999999999,0.19,39.0,0.2239999999999999,NSGGPPLCY,NSGGPPSCY,-0.4600000000000001,"1,2,9",False,-2,0.935352,10,10,NSGGYPPLCY,2,0,7,NSGGYPPSCY,5.9165084338746965,10,10,>seq_157,0.3592,NSGGYPPSCY,0.0,0.1208393127655643,NSGGYPPLCY,0.2383606872344356
NTASSSLAF,HLA-A2601,0.0986,0,0.0166,0.0166,0.000999989,0.001,0.001,-0.0177777777777777,-0.6122222222222223,-0.2788888888888889,-0.2066666666666666,65.55555555555554,0.8766666666666664,NTASSSLAF,DTASSSLAF,0.3999999999999999,"0,1,8",True,1,0.986086,9,9,NTASSSLAF,2,0,0,DTASSSLAF,6.099999998230487,9,9,>seq_158,0.0986,DTASSSLAF,0.0,0.4870602409638553,NTASSSLAF,0.5856602409638553
NTLEQTVPY,HLA-A0101,0.2446,0,0.2968,0.2968,0.0810019,0.081,0.081,-0.0955555555555555,-0.0366666666666666,-0.1611111111111111,0.22,75.55555555555556,1.701111111111111,NTLEQTVPY,NTPEQTVPY,-0.7555555555555555,"1,2,8",True,-3,0.912583,9,9,NTLEQTVPY,4,0,2,NTPEQTVPY,3.8499827128835022,9,9,>seq_159,0.2446,NTPEQTVPY,0.0,0.0430192722371967,NTLEQTVPY,0.2015807277628032
QALRFYDYK,HLA-A1101,0.8493,0,0.8177,0.8177,19.8807,19.881,4.97,-0.0555555555555555,0.4466666666666666,-0.0055555555555555,-0.1366666666666666,54.44444444444444,2.811111111111112,QALRFYDYK,QALRFHDYK,-1.0666666666666669,"0,1,8",False,2,0.925325,9,9,QALRFYDYK,2,0,5,QALRFHDYK,9.145093667320907,9,9,>seq_160,0.8493,QALRFHDYK,0.0,0.0328211813623579,QALRFYDYK,0.8821211813623581
QLFNCQALQK,HLA-A1101,0.4888,0,0.8384,0.8384,0.150998,0.151,0.057,-0.0469999999999999,0.0739999999999999,-0.066,-0.4010000000000001,88.0,1.2899999999999998,QLFNQALQK,QLFNQALRK,-0.32,"0,1,9",False,1,0.972708,10,10,QLFNCQALQK,2,0,8,QLFNCQALRK,8.545189979486167,10,10,>seq_161,0.4888,QLFNCQALRK,0.0,0.2038221374045801,QLFNCQALQK,0.2849778625954198
QSARLYIVAY,HLA-A0101,0.8842,0,0.4988,0.4988,0.0410009,0.041,0.041,0.1809999999999999,0.0479999999999999,-0.106,-0.225,127.0,0.6639999999999995,QSARLIVAY,QSARLTVAY,0.4699999999999999,"1,2,9",False,-1,0.950519,10,10,QSARLYIVAY,3,0,6,QSARLYTVAY,9.171628129668534,10,10,>seq_162,0.8842,QSARLYTVAY,0.0,0.6831809943865275,QSARLYIVAY,1.5673809943865276
QTACCACRK,HLA-A1101,2.3837,0,1.0374,1.0374,1.78102,1.781,1.336,-0.3444444444444444,-0.2788888888888888,-0.2411111111111111,-0.0655555555555555,22.22222222222222,2.3466666666666667,QTACCACRK,QTARCACRK,-0.1666666666666667,"0,1,8",False,-3,0.880429,9,9,QTACCACRK,2,0,3,QTARCACRK,8.52263127360493,9,9,>seq_163,2.3837,QTARCACRK,0.999999547320041,3.0934791883555044,QTACCACRK,5.477179188355504
QTQSVVFLY,HLA-A0101,0.0643,0,0.0937,0.0937,0.150998,0.151,0.043,0.2311111111111111,0.0988888888888888,-0.5022222222222221,-0.1911111111111111,107.77777777777776,0.1344444444444441,QTQSVVFLY,QTQSVVFSY,0.5777777777777778,"1,2,8",False,-2,0.95562,9,9,QTQSVVFLY,2,0,7,QTQSVVFSY,6.093198032584041,9,9,>seq_164,0.0643,QTQSVVFSY,0.0,0.0201752401280683,QTQSVVFLY,0.0441247598719316
RIHTSAKPYK,HLA-A1101,0.3684,0,0.5014,0.5014,1.35097,1.351,0.45,-0.3,0.101,0.311,0.4669999999999999,49.0,3.006,RIHTSAPYK,RIHTSEPYK,-1.36,"0,1,9",False,-1,0.939581,10,10,RIHTSAKPYK,2,0,5,RIHTSEKPYK,10.901836457662284,10,10,>seq_165,0.3684,RIHTSEKPYK,0.0,0.0977207818109293,RIHTSAKPYK,0.2706792181890706
RLAVCHFPCL,HLA-A0201,4.6667,0,5.9806,5.9806,3.56104,3.561,0.595,0.383,0.0349999999999999,-0.223,0.2709999999999999,117.0,-0.1649999999999999,RLAVHFPCL,HLAVHFPCL,1.2099999999999995,"0,1,2,4,9",True,0,0.97916,10,10,RLAVCHFPCL,2,0,0,HLAVCHFPCL,8.24295184481889,10,10,>seq_166,4.6667,HLAVCHFPCL,0.0,1.0252444788148347,RLAVCHFPCL,3.641455521185165
RMLDKNPEV,HLA-A0201,0.0111,0,1.7369,1.7369,17.4614,17.461,14.964,-0.29,0.1533333333333333,0.3766666666666666,0.33,75.55555555555556,3.481111111111112,RMLDKNPEV,RMLDKNPES,-1.177777777777778,"1,3,8",True,-2,0.977723,9,9,RMLDKNPEV,0,0,8,RMLDKNPES,6.494323082733899,9,9,>seq_167,0.0111,RMLDKNPES,0.0370266573203599,0.0110290632736484,RMLDKNPEV,7.093672635154586e-05
RSNPYFVASR,HLA-A1101,0.5243,0,0.3654,0.3654,1.58096,1.581,0.7020000000000001,-0.201,0.0079999999999999,-0.0309999999999999,0.3409999999999999,39.0,3.4590000000000005,RSNPFVASR,RSNPSVASR,-0.82,"0,1,9",False,-2,0.914676,10,10,RSNPYFVASR,2,0,5,RSNPYSVASR,11.14762292895466,10,10,>seq_168,0.5243,RSNPYSVASR,0.0,0.2280001915708812,RSNPYFVASR,0.7523001915708812
RTMMFFAEH,HLA-A1101,0.8518,0,0.8486,0.8486,31.5201,31.52,12.608,0.1988888888888888,0.2877777777777777,-0.1855555555555555,-0.0388888888888888,11.11111111111111,1.832222222222222,RTMMFFAEH,RTMMFLAEH,-0.0777777777777778,"0,1,8",False,0,0.945497,9,9,RTMMFFAEH,6,0,5,RTMMFLAEH,7.5513127176091075,9,9,>seq_169,0.8518,RTMMFLAEH,0.0,0.0032120669337732,RTMMFFAEH,0.8550120669337733
RVRDFIQMK,HLA-A1101,0.0463,0,0.008,0.008,0.260996,0.261,0.174,-0.1844444444444444,0.4966666666666667,0.1633333333333333,0.0999999999999999,75.55555555555556,3.928888888888888,RVRDFIQMK,RVGDFIQMK,-0.7222222222222224,"0,1,8",False,-2,0.911746,9,9,RVRDFIQMK,6,0,2,RVGDFIQMK,11.479699642397463,9,9,>seq_170,0.0463,RVGDFIQMK,7.122594434143239e-22,0.22166125,RVRDFIQMK,0.26796125
SASIRNANLY,HLA-A0101,0.2469,0,0.1751,0.1751,0.292993,0.293,0.235,-0.0644444444444444,-0.16,0.1999999999999999,-0.3211111111111111,108.88888888888889,2.031111111111111,ASIRNANLY,ASIRDANLY,-0.1888888888888889,"1,2,8",False,1,0.940499,9,9,ASIRNANLY,2,1,4,ASIRDANLY,9.348807885311544,10,9,>seq_171,0.4842,SASIRDANLY,0.0,0.1012416904625928,ASIRNANLY,0.3481416904625928
SCDSLCGGY,HLA-A0101,0.3976,0,0.5329,0.5329,0.0710017999999999,0.071,0.071,-0.0622222222222222,-0.7999999999999999,-0.1477777777777778,-0.38,43.33333333333333,0.7000000000000002,SCDSLCGGY,SCDALCGGY,0.1777777777777778,"1,2,8",False,1,0.959278,9,9,SCDSLCGGY,4,0,3,SCDALCGGY,3.749955142382533,9,9,>seq_172,0.3976,SCDALCGGY,2.26355582671052e-06,0.1009481703884406,SCDSLCGGY,0.2966518296115594
SCSNFLLLAY,HLA-A0101,0.4651,0,0.2113,0.2113,0.0909992999999999,0.091,0.046,0.5422222222222223,-0.0044444444444444,-0.3566666666666667,-0.4377777777777777,141.1111111111111,-1.1833333333333331,CSNFLLLAY,CSNFSLLAY,1.4333333333333331,"1,2,8",False,-2,0.923117,9,9,CSNFLLLAY,2,1,4,CSNFSLLAY,5.919503211509436,10,9,>seq_173,0.6786,SCSNFSLLAY,2.0491933110931699e-13,0.5586482725982017,CSNFLLLAY,1.0237482725982017
SIPGIMGALY,HLA-A2601,0.0834,0,0.134,0.134,8.93087,8.931000000000001,6.377,0.4820000000000001,-0.562,0.1489999999999999,-0.157,127.00000000000004,-1.7259999999999998,SIPGIMALY,SIPGTMALY,1.2,"0,1,9",False,-1,0.941429,10,10,SIPGIMGALY,3,0,4,SIPGTMGALY,6.093198032584041,10,10,>seq_174,0.0834,SIPGTMGALY,4.0983866221855097e-13,0.0314928358208955,SIPGIMGALY,0.0519071641791044
SISSEQTFY,HLA-A0101,0.1727,0,0.4047,0.4047,1.45095,1.451,0.483,-0.1211111111111111,-0.1166666666666667,-0.4944444444444444,-0.0577777777777777,43.33333333333333,1.9288888888888889,SISSEQTFY,PISSEQTFY,-0.4555555555555556,"1,2,8",False,-1,0.978075,9,9,SISSEQTFY,4,0,0,PISSEQTFY,3.8499827128835022,9,9,>seq_175,0.1727,PISSEQTFY,0.0,0.0990027180627625,SISSEQTFY,0.0736972819372374
SIYSIVKIK,HLA-A1101,0.0691,0,0.0281,0.0281,0.000999989,0.001,0.001,0.1666666666666667,0.1288888888888888,0.0333333333333332,-0.0511111111111111,162.2222222222222,-0.0844444444444447,SIYSIVKIK,SIYSIVNIK,0.7777777777777776,"0,1,8",False,0,0.948431,9,9,SIYSIVKIK,4,0,6,SIYSIVNIK,10.24760792311281,9,9,>seq_176,0.0691,SIYSIVNIK,5.89594253709134e-05,0.1008220640569394,SIYSIVKIK,0.1699220640569394
SLDLPLNPL,HLA-A0201,0.4788,0,0.9209,0.9209,3.00091,3.001,1.2,0.3411111111111111,-0.1566666666666666,0.0066666666666666,0.501111111111111,173.33333333333331,-0.1022222222222222,SLDLPLNPL,SLDLPLDPL,0.4666666666666665,"1,3,8",False,1,0.947592,9,9,SLDLPLNPL,2,0,6,SLDLPLDPL,3.749987360555679,9,9,>seq_177,0.4788,SLDLPLDPL,0.0,0.2298593549788251,SLDLPLNPL,0.2489406450211749
SLFGLSFVR,HLA-A1101,0.518,0,4.8076,4.8076,27.3108,27.311,27.311,0.39,-0.1177777777777777,-0.0788888888888889,-0.2177777777777777,118.88888888888889,0.1044444444444445,SLFGLSFVR,SPFGLSFVR,1.2111111111111112,"0,1,8",True,-3,0.933354,9,9,SLFGLSFVR,4,0,1,SPFGLSFVR,10.550002220086752,9,9,>seq_178,0.518,SPFGLSFVR,0.0,0.4621875364006989,SLFGLSFVR,0.0558124635993011
SLFKGLHHKA,HLA-A0201,0.2894,0,1.8078,1.8078,2.82099,2.821,1.154,0.032,-0.123,0.5680000000000001,-0.1589999999999999,88.0,0.825,SLFKGLHHA,SLSKGLHHA,-0.32,"0,1,2,4,9",True,-2,0.93858,10,10,SLFKGLHHKA,2,0,2,SLSKGLHHKA,10.805464482866228,10,10,>seq_179,0.2894,SLSKGLHHKA,2.0491933110931699e-13,0.2430716672198252,SLFKGLHHKA,0.0463283327801747
SLGDHNFLRK,HLA-A1101,0.5037,0,0.8264,1.9704,0.0209994999999999,0.021,0.017,-0.184,-0.049,0.4819999999999999,-0.13,78.0,3.0130000000000003,SLGDHNFLK,SLDHNFLRR,-0.94,"0,1,9",True,2,0.990191,10,10,SLGDHNFLRK,2,0,9,SLGDHNFLRR,9.697023999877274,10,10,>seq_180,0.5037,SLGDHNFLRR,0.0076197710941836,0.3749374695493301,SLGDHNFLRK,0.1287625304506699
SLLSLLYAL,HLA-A0201,0.079,0,2.1445,2.9764,0.000999989,0.001,0.001,0.6911111111111112,-0.0577777777777778,-0.1644444444444444,-0.4311111111111111,227.77777777777777,-2.163333333333333,SLLSLLYAL,SSLSLLYAL,1.9888888888888887,"1,3,8",True,-2,0.963288,9,9,SLLSLLYAL,2,0,1,SSLSLLYAL,6.093198032584041,9,9,>seq_181,0.079,SSLSLLYAL,0.0,0.0769031716167181,SLLSLLYAL,0.0020968283832818
SLQDHCCRAV,HLA-A0201,1.5509,0,1.5166,1.5166,12.2109,12.211,6.106,-0.3122222222222222,-0.1777777777777777,-0.1511111111111111,0.0288888888888888,54.44444444444444,3.105555555555556,SLQDHCCRA,SLQDLCCRA,-0.5444444444444445,"1,3,8",False,-3,0.876989,9,9,SLQDHCCRA,2,0,4,SLQDLCCRA,7.253858075477183,10,9,>seq_182,2.9349,SLQDLCCRAV,0.0,0.0350757417908479,SLQDHCCRA,1.585975741790848
SLSPIEMKK,HLA-A1101,0.0226,0,1.7976,1.7976,3.37105,3.371,3.192,-0.111111111111111,-0.0055555555555556,0.1955555555555555,0.2922222222222222,86.66666666666666,1.391111111111111,SLSPIEMKK,SPSPIEMKK,-0.4777777777777778,"0,1,8",True,-3,0.936756,9,9,SLSPIEMKK,4,0,1,SPSPIEMKK,9.53730092663318,9,9,>seq_183,0.0226,SPSPIEMKK,0.0,0.0223158655985758,SLSPIEMKK,0.0002841344014241
SLSSVTLLL,HLA-A0201,0.1072,0,4.2798,4.2798,0.0410009,0.041,0.033,0.4277777777777778,-0.2766666666666666,-0.2922222222222222,-0.1988888888888889,205.5555555555556,-1.2166666666666668,SLSSVTLLL,SSSSVTLLL,1.8111111111111111,"1,3,8",True,-2,0.962418,9,9,SLSSVTLLL,2,0,1,SSSSVTLLL,6.099999998230487,9,9,>seq_184,0.1072,SSSSVTLLL,0.0,0.1045148651806159,SLSSVTLLL,0.002685134819384
SLSTSLSSV,HLA-A0201,0.0874,0,0.466,0.466,0.0410009,0.041,0.033,-0.0233333333333333,-0.5944444444444444,-0.4522222222222222,-0.0366666666666666,118.88888888888889,0.632222222222222,SLSTSLSSV,SLSTSSSSV,0.7888888888888889,"1,3,8",False,-2,0.942856,9,9,SLSTSLSSV,2,0,5,SLSTSSSSV,6.099999998230487,9,9,>seq_185,0.0874,SLSTSSSSV,0.0,0.0710078111587982,SLSTSLSSV,0.0163921888412017
SSDFTVLQEI,HLA-A0101,1.5485,0,1.5527,1.5527,49.6802,49.68,33.137,-0.1477777777777777,-0.1855555555555555,-0.3133333333333333,-0.0077777777777777,75.55555555555556,2.055555555555556,SSDFTVLQE,SSDFTILQE,-0.2222222222222222,"1,2,8",False,3,0.982677,9,9,SSDFTVLQE,3,0,5,SSDFTILQE,3.5500735570676625,10,9,>seq_186,2.6896,SSDFTILQEI,0.0,0.0041886391447156,SSDFTVLQE,1.5443113608552843
SSDSQEENY,HLA-A0101,0.0068,0,0.0118,0.0118,0.4809969999999999,0.481,0.481,-0.7622222222222221,-0.2711111111111111,-0.0555555555555555,-0.0888888888888888,0.0,4.984444444444445,SSDSQEENY,SSDSQEGNY,-2.355555555555556,"1,2,8",False,-2,0.931417,9,9,SSDSQEENY,2,0,6,SSDSQEGNY,3.4247118630446494,9,9,>seq_187,0.0068,SSDSQEGNY,0.0,0.0028813559322033,SSDSQEENY,0.0039186440677966
SSEMAENEDY,HLA-A0101,0.0755,0,1.667,1.667,9.39114,9.391,1.878,-0.5249999999999999,-0.237,0.075,-0.164,10.0,3.857,SSEMAENEY,SPEMAENEY,-1.67,"1,2,9",True,-1,0.966686,10,10,SSEMAENEDY,4,0,1,SPEMAENEDY,3.33170502493158,10,10,>seq_188,0.0755,SPEMAENEDY,0.0,0.0720805338932213,SSEMAENEDY,0.0034194661067786
SSFLVPSLPY,HLA-A0101,0.3298,0,0.9155,0.9155,0.921017,0.921,0.409,0.404,-0.153,-0.4669999999999999,0.546,107.0,-0.6520000000000001,SSFLVPSLY,PSFLVPSLY,0.77,"1,2,9",False,-1,0.982334,10,10,SSFLVPSLPY,4,0,0,PSFLVPSLPY,6.093198032584041,10,10,>seq_189,0.3298,PSFLVPSLPY,0.0076197710941836,0.2109927471327143,SSFLVPSLPY,0.1188072528672856
SSIYSIVKIK,HLA-A1101,0.0691,0,0.0281,0.0281,0.000999989,0.001,0.001,0.1666666666666667,0.1288888888888888,0.0333333333333332,-0.0511111111111111,162.2222222222222,-0.0844444444444447,SIYSIVKIK,SIYSIVNIK,0.7777777777777776,"0,1,8",False,0,0.948431,9,9,SIYSIVKIK,4,1,6,SIYSIVNIK,10.24760792311281,10,9,>seq_190,0.1506,SSIYSIVNIK,5.89594253709134e-05,0.1008220640569394,SIYSIVKIK,0.1699220640569394
SSSIYSIVK,HLA-A1101,0.1265,0,25.4,28.7143,0.000999989,0.001,0.001,0.0066666666666666,-0.22,-0.2722222222222222,-0.0266666666666666,118.88888888888889,0.6011111111111109,SSSIYSIVK,SSSIYSIVN,0.5333333333333332,"0,1,8",True,0,0.981744,9,9,SSSIYSIVK,4,0,8,SSSIYSIVN,9.298300650902092,9,9,>seq_191,0.1265,SSSIYSIVN,0.0,0.1259427079887025,SSSIYSIVK,0.0005572920112975
SSYIASFTY,HLA-A0101,0.248,0,0.1459,0.1459,0.000999989,0.001,0.001,0.201111111111111,-0.1677777777777777,-0.6400000000000001,-0.1255555555555555,54.44444444444444,0.371111111111111,SSYIASFTY,SSYIASLTY,0.3777777777777777,"1,2,8",False,0,0.954013,9,9,SSYIASFTY,6,0,6,SSYIASLTY,6.086602629628032,9,9,>seq_192,0.248,SSYIASLTY,0.0,0.1735490061686086,SSYIASFTY,0.4215490061686086
SSYYEPWGY,HLA-A0101,0.1603,0,0.5314,0.5314,23.2813,23.281,15.535,0.0922222222222222,0.0144444444444444,-0.2711111111111111,0.0055555555555555,0.0,1.1955555555555557,SSYYEPWGY,PSYYEPWGY,-1.3222222222222222,"1,2,8",False,-1,0.97206,9,9,SSYYEPWGY,4,0,0,PSYYEPWGY,3.8499816502444446,9,9,>seq_193,0.1603,PSYYEPWGY,2.0491933110931699e-13,0.1119445427173504,SSYYEPWGY,0.0483554572826496
STEDCLILL,HLA-A0101,1.1144,0,2.3833,2.3833,8.71077,8.711,2.613,0.2433333333333333,-0.1122222222222222,-0.2244444444444444,-0.1222222222222222,173.33333333333331,0.0600000000000001,STEDCLILL,STEDCLIPL,1.1000000000000003,"1,2,8",False,-3,0.932841,9,9,STEDCLILL,4,0,7,STEDCLIPL,3.550065870862454,9,9,>seq_194,1.1144,STEDCLIPL,0.0,0.5933210926026938,STEDCLILL,0.5210789073973063
STEDCLILLF,HLA-A0101,0.3878,0,0.7414,0.7414,8.71077,8.711,2.613,0.371,-0.005,-0.335,-0.13,156.0,-0.2439999999999999,STEDLILLF,STEDLIPLF,1.2700000000000002,"1,2,9",False,-3,0.925578,10,10,STEDCLILLF,4,0,7,STEDCLIPLF,3.550065870862454,10,10,>seq_195,0.3878,STEDCLIPLF,4.52679959335127e-07,0.1849555975182087,STEDCLILLF,0.2028444024817912
STFFLAHGLK,HLA-A1101,0.1793,0,0.0461,0.0461,0.141003,0.141,0.035,0.31,-0.189,0.0999999999999999,-0.218,88.0,-0.237,STFFLAHLK,STFSLAHLK,0.5999999999999999,"0,1,9",False,-2,0.922401,10,10,STFFLAHGLK,2,0,3,STFSLAHGLK,9.702001779340208,10,10,>seq_196,0.1793,STFSLAHGLK,0.0,0.51806420824295,STFFLAHGLK,0.69736420824295
STGLKMAMEK,HLA-A1101,0.2623,0,1.2077,1.2077,0.000999989,0.001,0.001,-0.1199999999999999,-0.2880000000000001,0.347,-0.302,49.0,1.1509999999999998,STLKMAMEK,STLKMAMER,-0.38,"0,1,9",True,2,0.991674,10,10,STGLKMAMEK,2,0,9,STGLKMAMER,9.53730092663318,10,10,>seq_197,0.2623,STGLKMAMER,0.0,0.2053311418398608,STGLKMAMEK,0.056968858160139
SVKSCKHTEK,HLA-A3001,0.1766,1,0.5329,0.5329,6.3612,6.361,1.819,-0.586,-0.075,0.2809999999999999,0.145,29.0,3.217,SVKSKHTEK,SVKSKHKEK,-1.4,"0,1,9",False,-1,0.952021,10,10,SVKSCKHTEK,2,0,7,SVKSCKHKEK,9.582615793682637,10,10,>seq_198,0.1766,SVKSCKHKEK,0.0,0.118075774066429,SVKSCKHTEK,0.058524225933571
SVMYQGNTY,HLA-A2601,0.0576,0,0.9675,0.9675,7.98117,7.981,3.991,-0.0188888888888889,-0.2044444444444444,-0.2122222222222222,-0.4222222222222223,32.22222222222222,1.2333333333333334,SVMYQGNTY,PVMYQGNTY,-0.6,"0,1,8",True,-1,0.973448,9,9,SVMYQGNTY,4,0,0,PVMYQGNTY,6.086602629628032,9,9,>seq_199,0.0576,PVMYQGNTY,0.5,0.0541707906976744,SVMYQGNTY,0.0034292093023255
SVVDVFFQL,HLA-A0201,0.1034,0,0.3149,0.3149,0.1009979999999999,0.101,0.101,0.4333333333333333,0.0522222222222222,-0.4566666666666667,-0.0944444444444444,140.0,-0.5933333333333332,SVVDVFFQL,SVVDVFSQL,1.5777777777777775,"1,3,8",False,-2,0.928123,9,9,SVVDVFFQL,2,0,6,SVVDVFSQL,3.749987360555679,9,9,>seq_200,0.1034,SVVDVFSQL,0.0,0.0694477611940298,SVVDVFFQL,0.0339522388059701
SVVNPIIYF,HLA-A2601,0.0231,0,0.7406,3.5012,0.300993,0.301,0.301,0.5277777777777778,0.0499999999999999,-0.3544444444444444,0.2033333333333333,151.11111111111111,-1.1911111111111112,SVVNPIIYF,SVVNPIIYS,1.4444444444444444,"0,1,8",True,-2,0.971099,9,9,SVVNPIIYF,2,0,8,SVVNPIIYS,6.093198032584041,9,9,>seq_201,0.0231,SVVNPIIYS,0.999941047525419,0.0229475922540843,SVVNPIIYF,0.0001524077459156
SVVNPIIYFY,HLA-A2601,0.0231,0,0.0252,3.5012,0.300993,0.301,0.301,0.5277777777777778,0.0499999999999999,-0.3544444444444444,0.2033333333333333,151.11111111111111,-1.1911111111111112,SVVNPIIYF,SVVNPIIYS,1.4444444444444444,"0,1,8",True,-2,0.971099,9,9,SVVNPIIYF,2,0,8,SVVNPIIYS,6.093198032584041,10,9,>seq_202,0.0644,SVVNPIIYSY,0.999941047525419,0.0229475922540843,SVVNPIIYF,0.0001524077459156
TFFLAHGLK,HLA-A1101,2.7225,0,4.2935,4.2935,0.141003,0.141,0.035,0.4188888888888888,-0.0911111111111111,0.1822222222222221,-0.2544444444444445,97.77777777777776,-0.6411111111111112,TFFLAHGLK,TFSLAHGLK,0.7555555555555554,"0,1,8",False,-2,0.918912,9,9,TFFLAHGLK,2,0,2,TFSLAHGLK,9.702001779340208,9,9,>seq_203,2.7225,TFSLAHGLK,0.0,0.9961680447187607,TFFLAHGLK,1.7263319552812393
TITSSAELLK,HLA-A1101,0.1089,0,0.079,0.079,11.8507,11.851,10.026,0.0122222222222222,-0.2466666666666666,0.0922222222222222,-0.1211111111111111,141.1111111111111,0.5733333333333333,ITSSAELLK,ITSSAELFK,0.4666666666666665,"0,1,8",False,0,0.968561,9,9,ITSSAELLK,6,1,7,ITSSAELFK,6.408795645926148,10,9,>seq_204,0.3218,TITSSAELFK,0.0,0.041216582278481,ITSSAELLK,0.150116582278481
TLLGDPGWRV,HLA-A0201,0.0696,0,0.8069,0.8069,0.000999989,0.001,0.001,0.2422222222222222,-0.2877777777777777,0.4522222222222221,0.0166666666666666,118.88888888888889,0.6166666666666668,LLGDPGWRV,LLGDPGRRV,0.0555555555555555,"1,3,8",False,-3,0.873257,9,9,LLGDPGWRV,2,1,6,LLGDPGRRV,6.338718596380204,10,9,>seq_205,0.1518,TLLGDPGRRV,0.0,0.063596579501797,LLGDPGWRV,0.0060034204982029
TMCECMSFY,HLA-A0101,0.9103,0,1.1168,1.1168,45.8421,45.842,22.921,0.2577777777777778,0.061111111111111,-0.8611111111111112,-0.2155555555555555,0.0,0.2977777777777777,TMCECMSFY,TMCECMSSY,0.588888888888889,"1,2,8",False,-2,0.940819,9,9,TMCECMSFY,2,0,7,TMCECMSSY,3.849940513726324,9,9,>seq_206,0.9103,TMCECMSSY,0.0369719832731605,0.1683174695558739,TMCECMSFY,0.7419825304441261
TMMFFAEHDY,HLA-A0101,1.0722,0,1.1442,1.1442,31.5201,31.52,12.608,0.3400000000000001,0.2955555555555555,-0.3455555555555555,-0.17,11.11111111111111,0.8733333333333335,MMFFAEHDY,MMFLAEHDY,-0.0333333333333335,"1,2,8",False,0,0.941615,9,9,MMFFAEHDY,6,1,3,MMFLAEHDY,4.181152219418436,10,9,>seq_207,2.4142,TMMFLAEHDY,0.0,0.0674693235448348,MMFFAEHDY,1.0047306764551651
TTATISGLV,HLA-A2601,1.6355,0,1.7325,1.7325,8.87102,8.871,2.218,0.1833333333333333,-0.69,-0.1066666666666667,-0.1466666666666666,129.99999999999997,-0.6133333333333333,TTATISGLV,TTATVSGLV,1.2222222222222223,"0,1,8",False,3,0.984189,9,9,TTATISGLV,3,0,4,TTATVSGLV,6.099999998230487,9,9,>seq_208,1.6355,TTATVSGLV,0.0,0.0915691197691197,TTATISGLV,1.5439308802308804
TTTATISGL,HLA-A2601,1.0496,0,1.2556,1.2556,8.87102,8.871,4.436,0.061111111111111,-0.7322222222222222,-0.1677777777777778,-0.0999999999999999,97.77777777777776,0.1211111111111111,TTTATISGL,TTTATVSGL,0.6777777777777777,"0,1,8",False,3,0.985964,9,9,TTTATISGL,3,0,5,TTTATVSGL,6.099999998230487,9,9,>seq_209,1.0496,TTTATVSGL,0.0,0.1722026122969098,TTTATISGL,0.8773973877030903
VIAFGSAHLFR,HLA-A3101,0.247,1,0.1952,0.1952,2.22099,2.221,0.74,0.2144444444444443,-0.2788888888888888,0.1933333333333333,-0.1922222222222222,65.55555555555554,0.8377777777777777,AFGSAHLFR,AFGSAHLYR,0.4555555555555553,"0,1,8",False,3,0.970142,9,9,AFGSAHLFR,2,2,7,AFGSAHLYR,10.551758703775704,11,9,>seq_210,0.9981,VIAFGSAHLYR,4.52679959335127e-07,0.065546106557377,AFGSAHLFR,0.312546106557377
VIIGITIDSV,HLA-A0201,1.5047,0,1.1314,1.4556,0.0509984999999999,0.051,0.051,0.424,-0.38,-0.051,-0.086,214.0,-1.4009999999999998,VIIGITISV,VIIGITISV,2.1,"0,1,2,4,9",False,-2,0.953417,10,10,VIIGITIDSV,2,0,7,VIIGITIASV,3.749987360555679,10,10,>seq_211,1.5047,VIIGITIASV,0.0,0.050756231107447,VIIGITIDSV,1.555456231107447
VINLLSCLPY,HLA-A0101,3.1166,0,0.3173,0.3173,0.0519984999999999,0.052,0.04,0.546,-0.002,-0.283,0.014,185.0,-1.482,VINLLSCLY,VIDLLSCLY,1.5399999999999998,"1,2,9",True,1,0.96242,10,10,VINLLSCLPY,2,0,2,VIDLLSCLPY,5.919503211509436,10,10,>seq_212,3.1166,VIDLLSCLPY,0.666666666666667,27.495425086668767,VINLLSCLPY,30.61202508666877
VLMMPFSIV,HLA-A0201,1.1586,0,2.2785,2.2785,0.061002,0.061,0.061,0.8044444444444445,0.0633333333333333,-0.4933333333333334,0.1444444444444444,151.11111111111111,-2.466666666666667,VLMMPFSIV,VLVMPFSIV,2.3222222222222224,"1,3,8",False,1,0.957204,9,9,VLMMPFSIV,1,0,2,VLVMPFSIV,6.099999998230487,9,9,>seq_213,1.1586,VLVMPFSIV,0.0,0.5694606714944043,VLMMPFSIV,0.5891393285055958
VSDGFTAVM,HLA-A0101,0.4033,0,2.396,2.396,49.3815,49.382,24.691,0.2044444444444444,-0.5511111111111112,-0.1888888888888889,-0.1888888888888889,75.55555555555556,-0.1633333333333332,VSDGFTAVM,VPDGFTAVM,1.0555555555555556,"1,2,8",True,-1,0.946296,9,9,VSDGFTAVM,4,0,1,VPDGFTAVM,3.749987360555679,9,9,>seq_214,0.4033,VPDGFTAVM,0.0,0.3354156552587646,VSDGFTAVM,0.0678843447412353
VSDMSLSLS,HLA-A0101,1.8251,0,1.805,1.805,0.000999989,0.001,0.001,0.0733333333333333,-0.4122222222222222,-0.3855555555555556,-0.1055555555555555,118.88888888888889,0.6766666666666666,VSDMSLSLS,VSDMGLSLS,0.7777777777777779,"1,2,8",False,0,0.938749,9,9,VSDMSLSLS,2,0,4,VSDMGLSLS,3.749987360555679,9,9,>seq_215,1.8251,VSDMGLSLS,0.0,0.0203238282548476,VSDMSLSLS,1.845423828254848
VSDMSLSLSS,HLA-A0101,1.8251,0,1.805,1.805,0.000999989,0.001,0.001,0.0733333333333333,-0.4122222222222222,-0.3855555555555556,-0.1055555555555555,118.88888888888889,0.6766666666666666,VSDMSLSLS,VSDMGLSLS,0.7777777777777779,"1,2,8",False,0,0.938749,9,9,VSDMSLSLS,2,0,4,VSDMGLSLS,3.749987360555679,10,9,>seq_216,3.7289,VSDMGLSLSS,0.0,0.0203238282548476,VSDMSLSLS,1.845423828254848
VTLGIFFFFY,HLA-A0101,1.7737,0,0.7482,0.8843,0.371002,0.371,0.371,0.9755555555555556,0.2766666666666666,-0.5711111111111111,-0.3355555555555555,86.66666666666666,-2.221111111111111,TLGIFFFFY,TLGIFSFFY,1.9,"1,2,8",False,-2,0.914554,9,9,TLGIFFFFY,2,1,5,TLGIFSFFY,6.093198032584041,10,9,>seq_217,1.8916,VTLGIFSFFY,5.89524745824429e-05,1.7839294130951038,TLGIFFFFY,3.557629413095104
VVGAAGVGK,HLA-A1101,0.2061,1,0.2133,0.2133,83.5417,83.542,74.943,0.09,-1.1555555555555557,0.851111111111111,-0.548888888888889,118.88888888888889,-1.4455555555555557,VVGAAGVGK,VVGAGGVGK,1.2333333333333334,"0,1,8",False,0,0.953356,9,9,VVGAAGVGK,4,0,4,VVGAGGVGK,9.700002531521022,9,9,>seq_218,0.2061,VVGAGGVGK,0.0,0.0069569620253164,VVGAAGVGK,0.1991430379746835
VVGADGVGK,HLA-A1101,0.4518,1,0.2133,0.2133,83.5417,83.542,74.943,-0.0544444444444444,-1.051111111111111,0.8144444444444443,-0.4333333333333333,107.77777777777776,-0.2755555555555555,VVGADGVGK,VVGAGGVGK,0.6444444444444445,"0,1,8",False,-1,0.919927,9,9,VVGADGVGK,2,0,4,VVGAGGVGK,6.337367167230696,9,9,>seq_219,0.4518,VVGAGGVGK,0.0,0.5051772151898735,VVGADGVGK,0.9569772151898734
VVGAVGVGK,HLA-A1101,0.1277,1,0.2133,0.2133,83.5417,83.542,74.943,0.1577777777777777,-1.0244444444444445,0.7844444444444444,-0.4988888888888889,140.0,-1.6933333333333331,VVGAVGVGK,VVGAGGVGK,1.5000000000000002,"0,1,8",False,-3,0.924743,9,9,VVGAVGVGK,4,0,4,VVGAGGVGK,9.700002531521022,9,9,>seq_220,0.1277,VVGAGGVGK,0.0,0.0512476324425691,VVGAVGVGK,0.0764523675574308
VVNPIIYFY,HLA-A0101,0.1702,0,0.2027,0.2027,0.300993,0.301,0.301,0.67,0.2988888888888888,-0.3899999999999999,0.1333333333333333,151.11111111111111,-1.5533333333333337,VVNPIIYFY,VVNPIIYSY,1.3888888888888888,"1,2,8",False,-2,0.940978,9,9,VVNPIIYFY,2,0,7,VVNPIIYSY,6.086602629628032,9,9,>seq_221,0.1702,VVNPIIYSY,0.0,0.0272890971879625,VVNPIIYFY,0.1429109028120374
VVPCEPPEV,HLA-A0201,0.751,1,0.3995,0.3995,30.7902,30.79,25.648,0.0844444444444444,-0.2522222222222222,-0.12,1.16,96.66666666666666,0.0244444444444444,VVPCEPPEV,VVPYEPPEV,0.3666666666666668,"1,3,8",True,-2,0.869257,9,9,VVPCEPPEV,2,0,3,VVPYEPPEV,3.61368223791942,9,9,>seq_222,0.751,VVPYEPPEV,0.0,0.6607672090112641,VVPCEPPEV,1.4117672090112638
WADWGHRTY,HLA-A0101,0.0969,0,0.1306,0.1306,0.260996,0.261,0.131,0.0188888888888888,0.1577777777777778,0.0955555555555555,-0.1788888888888889,11.11111111111111,2.622222222222222,WADWGHRTY,WADWGHRAY,-1.5111111111111113,"1,2,8",False,0,0.957968,9,9,WADWGHRTY,4,0,7,WADWGHRAY,7.542962956242263,9,9,>seq_223,0.0969,WADWGHRAY,0.0,0.0250040581929555,WADWGHRTY,0.0718959418070444
WLSFFTVMAY,HLA-A0101,0.4867,0,0.5914,0.5914,1.66106,1.661,1.329,0.6577777777777778,0.0822222222222222,-0.6344444444444445,-0.2477777777777778,86.66666666666666,-1.4411111111111112,LSFFTVMAY,LSLFTVMAY,1.6111111111111112,"1,2,8",True,0,0.954197,9,9,LSFFTVMAY,6,1,2,LSLFTVMAY,6.093198032584041,10,9,>seq_224,1.9403,WLSLFTVMAY,0.0,0.0861641697666554,LSFFTVMAY,0.4005358302333446
WMSDSGTRL,HLA-A0201,0.7418,0,0.863,0.863,6.4509,6.451,2.303,-0.07,-0.2122222222222222,-0.0577777777777778,-0.1655555555555555,43.33333333333333,2.4966666666666666,WMSDSGTRL,WMSDSGTGL,-0.6555555555555554,"1,3,8",False,-2,0.94315,9,9,WMSDSGTRL,6,0,7,WMSDSGTGL,6.338718596380204,9,9,>seq_225,0.7418,WMSDSGTGL,0.999999996524196,0.1041786326767091,WMSDSGTRL,0.6376213673232909
WSCLGHLGY,HLA-A0101,0.4178,0,0.5692,0.5692,50.0119,50.012,5.551,0.39,-0.3044444444444443,0.0988888888888888,-0.5244444444444445,86.66666666666666,-0.7922222222222222,WSCLGHLGY,RSCLGHLGY,0.3444444444444444,"1,2,8",False,-3,0.953271,9,9,WSCLGHLGY,2,0,0,RSCLGHLGY,7.355498301796615,9,9,>seq_226,0.4178,RSCLGHLGY,4.19919322623072e-26,0.1111295151089248,WSCLGHLGY,0.3066704848910752
YLIGVIGNF,HLA-A2601,0.2147,0,11.5399,11.5399,0.000999989,0.001,0.001,0.6000000000000001,-0.3011111111111111,0.2199999999999999,-0.5677777777777778,162.2222222222222,-1.875555555555556,YLIGVIGNF,YLIGVIGNS,1.5777777777777775,"0,1,8",True,-2,0.972579,9,9,YLIGVIGNF,2,0,8,YLIGVIGNS,6.093198032584041,9,9,>seq_227,0.2147,YLIGVIGNS,1.5734275536184001e-15,0.2107055035138952,YLIGVIGNF,0.0039944964861047
YLTSLACVEI,HLA-A0201,2.5772,0,22.8308,22.8308,1.34099,1.341,0.595,0.35,-0.131,-0.297,-0.207,156.0,-0.8970000000000002,YLTSLAVEI,YTSLACVEI,1.4300000000000002,"0,1,2,4,9",True,-3,0.95417,10,10,YLTSLACVEI,4,0,1,YPTSLACVEI,3.849961610045284,10,10,>seq_228,2.5772,YPTSLACVEI,0.0,2.2862789705135165,YLTSLACVEI,0.2909210294864831
YMAELFSFI,HLA-A2601,3.5923,0,3.7665,3.7665,1.5009800000000002,1.501,0.857,0.6211111111111111,0.2066666666666666,-0.4366666666666667,-0.3,97.77777777777776,-1.0677777777777775,YMAELFSFI,YMAELFPFI,1.3333333333333333,"0,1,8",False,-1,0.929083,9,9,YMAELFSFI,4,0,6,YMAELFPFI,3.8499827128835022,9,9,>seq_229,3.5923,YMAELFPFI,0.0,0.1661432789061466,YMAELFSFI,3.4261567210938533
YMFSDCSTSL,HLA-A0201,0.3347,0,0.1681,0.1681,0.740977,0.741,0.741,0.118,-0.171,-0.736,-0.093,39.0,1.0100000000000002,YMFSDSTSL,YMFDRSTSL,0.3099999999999999,"0,1,2,4,9",False,-3,0.892542,10,10,YMFSDCSTSL,2,0,5,YMFSDRSTSL,3.749971055891365,10,10,>seq_230,0.3347,YMFSDRSTSL,0.999999773659969,0.3317133848899464,YMFSDCSTSL,0.6664133848899464
YSSALDLCY,HLA-A0101,0.0396,0,0.0371,0.0371,0.061002,0.061,0.061,0.1977777777777778,-0.1444444444444445,-0.4733333333333333,-0.2411111111111111,97.77777777777776,0.3188888888888889,YSSALDLCY,YSSALNLCY,0.4666666666666667,"1,2,8",False,1,0.94305,9,9,YSSALDLCY,2,0,5,YSSALNLCY,3.749970651697368,9,9,>seq_231,0.0396,YSSALNLCY,0.0,0.0026684636118598,YSSALDLCY,0.0422684636118598
YSSEENLIF,HLA-A0101,0.5513,0,0.4778,0.4778,0.391988,0.392,0.301,0.0077777777777777,0.0533333333333332,-0.1222222222222222,-0.2233333333333333,86.66666666666666,1.5977777777777775,YSSEENLIF,YSSEGNLIF,-0.2555555555555555,"1,2,8",False,-2,0.911567,9,9,YSSEENLIF,2,0,4,YSSEGNLIF,3.613691097591072,9,9,>seq_232,0.5513,YSSEGNLIF,0.0,0.0848065089995814,YSSEENLIF,0.6361065089995814
YTAPYPHPA,HLA-A0201,0.4598,0,0.4933,0.4933,0.0209994999999999,0.021,0.019,0.1566666666666666,-0.2266666666666667,-0.1811111111111111,1.0799999999999998,22.22222222222222,0.4322222222222221,YTAPYPHPA,YTAPHPHPA,-0.8555555555555557,"1,3,8",False,2,0.923447,9,9,YTAPYPHPA,2,0,4,YTAPHPHPA,7.534655152820051,9,9,>seq_233,0.4598,YTAPHPHPA,0.500000000006672,0.03122501520373,YTAPYPHPA,0.42857498479627
YTDFHCQYV,HLA-A0101,0.0241,1,0.0261,0.0261,8.54097,8.541,8.541,0.005,0.3037499999999999,-0.61125,-0.0299999999999999,0.0,2.18875,YTD-FHCQY,YTD-FPCQY,-1.025,"1,2,7",False,-2,0.837918,8,8,YTDFHCQY,2,0,4,YTDFPCQY,5.289758428465575,9,8,>seq_234,0.2237,YTDFPCQYV,0.0,0.0018467432950191,YTD-FHCQY,0.0222532567049808
YTDFHCQYVK,HLA-A0101,0.0241,1,0.0261,0.0261,8.54097,8.541,8.541,0.005,0.3037499999999999,-0.61125,-0.0299999999999999,0.0,2.18875,YTD-FHCQY,YTD-FPCQY,-1.025,"1,2,7",False,-2,0.837918,8,8,YTDFHCQY,2,0,4,YTDFPCQY,5.289758428465575,10,8,>seq_235,0.8414,YTDFPCQYVK,0.0,0.0018467432950191,YTD-FHCQY,0.0222532567049808
YTFLIFSDY,HLA-A0101,0.3937,0,0.1717,0.1717,30.211,30.211,20.151,0.5255555555555556,0.321111111111111,-0.6733333333333333,-0.1255555555555555,86.66666666666666,-0.0922222222222221,YTFLIFSDY,YTFLISSDY,0.7,"1,2,8",False,-2,0.917383,9,9,YTFLIFSDY,2,0,5,YTFLISSDY,3.7499865652062,9,9,>seq_237,0.3937,YTFLISSDY,0.0,0.5090355270821201,YTFLIFSDY,0.90273552708212
YTFLIFSDY,HLA-A2601,0.1328,0,0.0805,0.0805,30.211,30.211,20.151,0.5255555555555556,0.321111111111111,-0.6733333333333333,-0.1255555555555555,86.66666666666666,-0.0922222222222221,YTFLIFSDY,YTFLISSDY,0.7,"0,1,8",False,-2,0.917383,9,9,YTFLIFSDY,2,0,5,YTFLISSDY,3.7499865652062,9,9,>seq_236,0.1328,YTFLISSDY,0.0,0.0862787577639751,YTFLIFSDY,0.2190787577639751
YTIEEFMEL,HLA-A2601,0.0888,0,0.1655,0.1655,0.141003,0.141,0.035,0.21,0.33,-0.1433333333333333,-0.1888888888888889,86.66666666666666,0.8855555555555554,YTIEEFMEL,YTMEEFMEL,0.0555555555555555,"0,1,8",False,1,0.961049,9,9,YTIEEFMEL,3,0,2,YTMEEFMEL,3.472799689974636,9,9,>seq_238,0.0888,YTMEEFMEL,2.06492758662935e-13,0.041153836858006,YTIEEFMEL,0.0476461631419939
YTSEHAASV,HLA-A0201,0.2463,0,0.2824,0.2824,0.8610089999999999,0.861,0.861,-0.18,-0.4355555555555555,-0.0788888888888888,-0.0255555555555555,54.44444444444444,1.48,YTSEHAASV,YTPEHAASV,-0.2777777777777778,"1,3,8",False,-1,0.933204,9,9,YTSEHAASV,4,0,2,YTPEHAASV,5.363445803988725,9,9,>seq_239,0.2463,YTPEHAASV,0.5,0.0314852337110481,YTSEHAASV,0.2148147662889518
YVDVTYNFI,HLA-A0101,1.1718,0,1.2899,1.8002,0.150998,0.151,0.05,0.2225,0.20375,-0.47,-0.14375,72.5,0.89375,YVD-VTYNF,YVD-VTYDF,0.1125,"1,2,7",False,1,0.951051,8,8,YVDVTYNF,2,0,6,YVDVTYDF,3.7499865652062,9,8,>seq_240,1.2849,YVDVTYDFI,4.52679959335127e-07,0.4090429507832463,YVD-VTYNF,0.7627570492167537
YVDVTYNFII,HLA-A0101,1.1718,0,1.2899,1.8002,0.150998,0.151,0.05,0.2225,0.20375,-0.47,-0.14375,72.5,0.89375,YVD-VTYNF,YVD-VTYDF,0.1125,"1,2,7",False,1,0.951051,8,8,YVDVTYNF,2,0,6,YVDVTYDF,3.7499865652062,10,8,>seq_241,5.472,YVDVTYDFII,5.89524745824429e-05,0.4090429507832463,YVD-VTYNF,0.7627570492167537
YVKLANLSY,HLA-A2601,0.0914,0,0.2358,0.2358,0.000999989,0.001,0.001,0.2244444444444445,0.0888888888888888,0.0088888888888888,-0.3722222222222222,129.99999999999997,0.02,YVKLANLSY,YVKLANLPY,0.3111111111111111,"0,1,8",False,-1,0.949411,9,9,YVKLANLSY,4,0,7,YVKLANLPY,9.145600226707757,9,9,>seq_242,0.0914,YVKLANLPY,0.0,0.0559718405428329,YVKLANLSY,0.035428159457167
YVVTISSLL,HLA-A2601,0.353,0,0.2708,0.2708,1.30098,1.301,0.548,0.4933333333333334,-0.0933333333333333,-0.3899999999999999,-0.1488888888888889,194.44444444444443,-1.481111111111111,YVVTISSLL,HVVTISSLL,1.877777777777778,"0,1,8",True,2,0.981502,9,9,YVVTISSLL,2,0,0,HVVTISSLL,6.093198032584041,9,9,>seq_243,0.353,HVVTISSLL,0.0,0.1071514032496307,YVVTISSLL,0.4601514032496306
